SET session_replication_role = replica;

--
-- PostgreSQL database dump
--

-- \restrict f7E3wfNz4lMmzWidtO2s2QWI03fFlalUngVXiBuHjrdqPSHe6m7ms1I0c5dZVky

-- Dumped from database version 17.6
-- Dumped by pg_dump version 17.6

SET statement_timeout = 0;
SET lock_timeout = 0;
SET idle_in_transaction_session_timeout = 0;
SET transaction_timeout = 0;
SET client_encoding = 'UTF8';
SET standard_conforming_strings = on;
SELECT pg_catalog.set_config('search_path', '', false);
SET check_function_bodies = false;
SET xmloption = content;
SET client_min_messages = warning;
SET row_security = off;

--
-- Data for Name: menu_items; Type: TABLE DATA; Schema: public; Owner: postgres
--

INSERT INTO "public"."menu_items" ("id", "name", "description", "price", "category", "image_url", "available", "created_at", "special_item") VALUES
	('5c807de7-b4ff-45e3-a293-43e72b0e5bb5', 'Pastels', '(Stuffed Fried Pastries) Crispy fried pastries filled with fish and veggies', 10.99, 'appetizer', 'https://onlybyland.com/senegalese-food-dishes/', false, '2025-11-26 15:06:10.582359+00', false),
	('ba5d3625-cc0e-4424-8617-b3dff36f92dd', 'BBQ Chicken Pizza', 'Tangy BBQ sauce with grilled chicken and onions.', 15.99, 'Pizza', 'https://example.com/images/bbq_chicken.jpg', false, '2025-10-25 18:15:47.367766+00', false),
	('e757e570-9537-47d3-bf94-9c1f7d1eddaf', 'Bassi Salte', '(Millet Couscous) With meatballs, sweet potatoes, cabbage, and carrots in a rich meat and veggie sauce', 13.99, 'main', 'https://afrifoodnetwork.com/wp-content/uploads/2022/07/bassi-salte.jpg', true, '2025-11-26 15:06:10.582359+00', false),
	('2471aed6-68c2-4627-8c43-78fa44101bbb', 'Senegalese Paella', '(Fusion Dish) Saffron-infused rice with marinated chicken or fish, vegetables, and mango salsa', 14.99, 'main', 'https://cdn.africanvibes.com/wp-content/uploads/2024/08/07154608/Moroccan-Paella-826x1024.jpg', true, '2025-11-26 15:06:10.582359+00', false),
	('228f4d89-2a7d-4e1d-bd9d-aadd14928b14', 'Cheeseburger', 'Juicy beef patty with cheese, lettuce, and tomato.', 11.99, 'Burger', 'https://example.com/images/cheeseburger.jpg', false, '2025-10-25 18:15:47.367766+00', false),
	('45ef8a85-b61b-44e4-b496-ac9688c48fd4', 'Dibi', '(Grilled Lamb) Served with marinated onions, plantains, fries, salad, and bread', 13.99, 'main', 'https://s3-media0.fl.yelpcdn.com/bphoto/lAUAy74dkupkfCuhwGqwMA/o.jpg', true, '2025-11-26 15:06:10.582359+00', false),
	('7509d0a8-748f-421b-baa8-a03f8a409ece', 'Poulet et Poisson Braisés', '(Grilled Chicken or Fish) Served with rice or Attieke, plantains, onion sauce, fries, or salad', 14.99, 'main', 'https://i.ytimg.com/vi/c5-x8e4g_P0/hq720.jpg?sqp=-oaymwEhCK4FEIIDSFryq4qpAxMIARUAAAAAGAElAADIQj0AgKJD&rs=AOn4CLBboD3_pPZYRQ99BMLkGzdAWK1FBw', true, '2025-11-26 15:06:10.582359+00', false),
	('68fadeef-fdf2-4c45-ba36-c475d8abbf51', 'Vermicelle or Couscous', '(Broken Vermicelli) Steamed vermicelli or couscous with braised chicken, beef, or lamb in onion sauce', 13.99, 'main', 'https://assets.unileversolutions.com/recipes-v2/212723.jpg', true, '2025-11-26 15:06:10.582359+00', false),
	('d32d1185-b496-4d78-b741-ae35ff7c2734', 'Thiere', '(Millet Couscous) Served with tomato stew, tender meat, and vegetables', 14.99, 'main', 'https://m.media-amazon.com/images/I/71Eez1ABVLL._AC_UF350,350_QL80_.jpg', true, '2025-11-26 15:06:10.582359+00', true),
	('d6c135aa-ba08-4008-b12a-4a14dc3ee8df', 'Ngalakh', '(Millet Porridge) Creamy and sweet porridge made with millet and peanut butter served cold', 8.99, 'dessert', 'https://encrypted-tbn0.gstatic.com/images?q=tbn:ANd9GcTd1jDXJUjxzZdQAQ4FmHNi0l9FTSGhV4Afeg&s', true, '2025-11-26 15:06:10.582359+00', false),
	('e3cdbf0d-3e25-47b6-9089-d6565db892c9', 'Ndambe', '(Spicy Bean Sandwich) Comes with meat and boiled eggs served on a French baguette', 12.99, 'main', 'https://www.tastingtable.com/img/gallery/senegals-bean-sandwich-is-a-savory-way-to-begin-the-day/intro-1701479233.jpg', true, '2025-11-26 15:06:10.582359+00', false),
	('04e16750-7469-4073-ba30-34f886f16ca3', 'Thiacry', '(Sweet Couscous Dessert) Sweet, creamy dessert made with couscous and peanut sauce served cold', 8.99, 'dessert', 'https://fourcarrockcourt.com/wp-content/uploads/2024/08/Thiakry-copy-18.jpg', true, '2025-11-26 15:06:10.582359+00', false),
	('b628a1e8-9efc-4041-a169-8bfab8200a04', 'Efo Riro', '(Nigerian Spinach Stew) Spinach, pepper mix, palm oil, and meat or fish cooked with spices, served with swallow or rice', 14.99, 'main', 'https://lowcarbafrica.com/wp-content/uploads/2019/08/Efo-Riro-IG-1.jpg', true, '2025-11-26 15:06:10.582359+00', false),
	('63ce2e8b-58a8-4ae8-99ae-0bc8065b38c2', 'Bouye', '(Baobab Juice) Drink from Senegal made from baobab fruit pulp, powdered milk, and concentrated milk', 5.99, 'juice', 'https://tropiki.no/wp-content/uploads/2025/08/Baobab-Juice_-copy-5-370x250.jpg', true, '2025-11-26 15:06:10.582359+00', false),
	('12f51ef7-dee7-4b0b-b5a3-db2f38c9838f', 'Bissap', '(Hibiscus Drink) Refreshing and sweet drink made with hibiscus flowers', 5.99, 'juice', 'https://fourcarrockcourt.com/wp-content/uploads/2024/08/Bissap_-copy.jpg', true, '2025-11-26 15:06:10.582359+00', false),
	('a69c439d-bd36-490d-b9d5-6eca7f3f1cb0', 'Fataya', '(Senegalese Meat Pies) Flaky pastry filled with spiced meat, served with a sweet and sour tomato sauce', 10.99, 'appetizer', 'https://i.pinimg.com/736x/48/f4/bc/48f4bca31ba62ce5ecd15dac2a7458e1.jpg', true, '2025-11-26 15:06:10.582359+00', false),
	('65977cd6-470d-47cc-9710-35cd6dfb95a4', 'Akara', '(Cowpea Donuts) Fried bean cakes served with a spicy dipping sauce', 10.99, 'appetizer', 'https://www.196flavors.com/wp-content/uploads/2016/02/Akaras-4-FP.jpg', true, '2025-11-26 15:06:10.582359+00', false),
	('202fbd73-bed7-4a6b-a954-7fb8fc8b5393', 'Thieboudienne', '(National Dish of Senegal) Hearty fish and rice stew with vegetables and spices', 14.99, 'main', 'https://www.foodandwine.com/thmb/bz5Yc9G9oetSrsgciYp_j5iIO3E=/1500x0/filters:no_upscale():max_bytes(150000):strip_icc()/Thieboudienne-Senegalese-Jollof-Rice-and-Fish-FT-MAG-RECIPE-0924-722fd4dd3a2b490fb2fbbab3a70a55f6.jpg', true, '2025-11-26 15:06:10.582359+00', false),
	('6ab55214-67b6-417d-92b7-8fc5929ee4b6', 'Yassa Poulet', '(Tangy Chicken Yassa) Marinated chicken cooked in a tangy onion sauce served with white rice', 14.99, 'main', 'https://www.pccmarkets.com/wp-content/uploads/2017/09/low-rez-senegalese-braised-chicken.jpg', true, '2025-11-26 15:06:10.582359+00', false),
	('10718246-144b-4678-ae5f-8a561f1bace4', 'Domoda', '(Stew with Tomato Paste and Lemon Sauce) Hearty stew made with fragrant lemon sauce, often with beef, lamb, or fish', 14.99, 'main', 'https://encrypted-tbn0.gstatic.com/images?q=tbn:ANd9GcQfptvYje1HPowrCSHou60mOtfFTWVuw7xOUA&s', true, '2025-11-26 15:06:10.582359+00', false),
	('042d1927-e981-42fc-a2b4-dee4cb960356', 'Mafe', '(Peanut Butter Stew) Rich and creamy stew made with peanut butter, tender vegetables, and meat served with white rice', 14.99, 'main', 'https://jmpfoodservice.co.uk/wp-content/uploads/2022/12/senegalese-peanut-stew-called-mafe-2021-08-29-04-54-58-utc-scaled-1.jpg', true, '2025-11-26 15:06:10.582359+00', false),
	('bc0681df-e2b5-443a-b383-356ec90cab7a', 'Soupou Kandia', '(Okra St ew) Made with palm oil, fish, seafood, or meat; spicy and served with rice', 14.99, 'main', 'https://encrypted-tbn0.gstatic.com/images?q=tbn:ANd9GcSGuSYABwEio-hsOuwqxrKvLJqsdJziFE_o8Q&s', true, '2025-11-26 15:06:10.582359+00', false),
	('314d5eee-47d8-4fd8-8199-7573d6a524c5', 'Okra Soup', '(Nigerian/Ivorian Dish) Stew with beef, chicken, fish, shrimp, or goat meat in palm oil, served with rice or pounded yam', 14.99, 'main', 'https://www.curiouscuisiniere.com/wp-content/uploads/2020/12/West-African-Seafood-Okra-Stew-2508.1200-735x613.jpg', true, '2025-11-26 15:06:10.582359+00', false),
	('f8988c05-e2a7-4988-8f35-81ae58b8a741', 'Veggie Burger', 'Plant-based burger with avocado and sprouts.', 10.49, 'Burger', 'https://example.com/images/veggie_burger.jpg', false, '2025-10-25 18:15:47.367766+00', false),
	('a4c1337b-5643-490a-b827-4ba52142f8c7', 'Onion Rings', 'Crispy onion rings served with ranch sauce.', 5.49, 'Sides', 'https://example.com/images/onion_rings.jpg', false, '2025-10-25 18:15:47.367766+00', false),
	('350fb64f-10d0-44b5-ad1e-e58733cc6d62', 'French Fries', 'Crispy golden fries with sea salt.', 4.49, 'Sides', 'https://example.com/images/fries.jpg', false, '2025-10-25 18:15:47.367766+00', false),
	('e01bc524-5ff4-4810-b746-b78372ee90c6', 'Chocolate Cake', 'Rich chocolate sponge layered with ganache.', 6.99, 'Dessert', 'https://example.com/images/chocolate_cake.jpg', false, '2025-10-25 18:15:47.367766+00', false),
	('1fad6aed-ead2-4d62-ae79-577d5cc4a3c4', 'Cheesecake', 'Creamy vanilla cheesecake with a graham crust.', 7.49, 'Dessert', 'https://example.com/images/cheesecake.jpg', false, '2025-10-25 18:15:47.367766+00', false),
	('22b3f068-7033-4877-a415-cc2b396e7e9f', 'Margherita Pizza', 'Classic pizza with tomato, mozzarella, and basil.', 12.99, 'Pizza', 'https://example.com/images/margherita.jpg', false, '2025-10-25 18:15:47.367766+00', false);


--
-- Data for Name: orders; Type: TABLE DATA; Schema: public; Owner: postgres
--

INSERT INTO "public"."orders" ("id", "customer_name", "customer_email", "customer_phone", "total_amount", "status", "created_at", "delivery_method", "delivery_address", "payment_method", "payment_id") VALUES
	(10000005, 'Customer 6', 'customer6@example.com', '+1-555-8192', 91.42, 'completed', '2025-10-27 00:06:51.33712+00', NULL, NULL, NULL, NULL),
	(10000006, 'Customer 7', 'customer7@example.com', '+1-555-7266', 103.91, 'completed', '2025-11-02 16:21:28.580205+00', NULL, NULL, NULL, NULL),
	(10000008, 'Customer 9', 'customer9@example.com', '+1-555-5197', 75.92, 'completed', '2025-10-21 23:27:59.650515+00', NULL, NULL, NULL, NULL),
	(10000010, 'Customer 11', 'customer11@example.com', '+1-555-6452', 58.95, 'cancelled', '2025-10-20 12:54:21.202265+00', NULL, NULL, NULL, NULL),
	(10000011, 'Customer 12', 'customer12@example.com', '+1-555-8685', 86.41, 'cancelled', '2025-10-31 00:27:27.38862+00', NULL, NULL, NULL, NULL),
	(10000012, 'Customer 13', 'customer13@example.com', '+1-555-7373', 107.91, 'cancelled', '2025-10-29 12:07:36.905973+00', NULL, NULL, NULL, NULL),
	(10000013, 'Customer 14', 'customer14@example.com', '+1-555-5938', 74.42, 'cancelled', '2025-10-21 22:30:08.915653+00', NULL, NULL, NULL, NULL),
	(10000014, 'Customer 15', 'customer15@example.com', '+1-555-4923', 72.92, 'completed', '2025-10-25 15:48:11.032072+00', NULL, NULL, NULL, NULL),
	(10000015, 'Customer 16', 'customer16@example.com', '+1-555-1637', 77.43, 'completed', '2025-10-18 07:28:17.356229+00', NULL, NULL, NULL, NULL),
	(10000017, 'Customer 18', 'customer18@example.com', '+1-555-8529', 109.41, 'completed', '2025-11-01 02:52:36.191264+00', NULL, NULL, NULL, NULL),
	(10000019, 'Customer 20', 'customer20@example.com', '+1-555-9040', 113.9, 'cancelled', '2025-11-02 02:24:18.334915+00', NULL, NULL, NULL, NULL),
	(10000020, 'Customer 21', 'customer21@example.com', '+1-555-4571', 108.4, 'cancelled', '2025-10-29 20:11:42.771921+00', NULL, NULL, NULL, NULL),
	(10000021, 'Customer 22', 'customer22@example.com', '+1-555-5729', 96.41, 'cancelled', '2025-10-23 03:25:12.918273+00', NULL, NULL, NULL, NULL),
	(10000024, 'Customer 25', 'customer25@example.com', '+1-555-2433', 109.41, 'completed', '2025-10-20 13:19:20.605701+00', NULL, NULL, NULL, NULL),
	(10000025, 'Customer 26', 'customer26@example.com', '+1-555-4669', 91.91, 'completed', '2025-10-19 06:13:19.708616+00', NULL, NULL, NULL, NULL),
	(10000026, 'Customer 27', 'customer27@example.com', '+1-555-5490', 83.92, 'completed', '2025-10-09 14:21:04.728922+00', NULL, NULL, NULL, NULL),
	(10000030, 'Customer 31', 'customer31@example.com', '+1-555-4783', 59.44, 'cancelled', '2025-10-30 13:02:15.641005+00', NULL, NULL, NULL, NULL),
	(10000032, 'Customer 33', 'customer33@example.com', '+1-555-6900', 58.95, 'completed', '2025-11-04 02:49:19.850001+00', NULL, NULL, NULL, NULL),
	(10000034, 'Customer 35', 'customer35@example.com', '+1-555-3166', 91.92, 'completed', '2025-10-28 02:45:15.706527+00', NULL, NULL, NULL, NULL),
	(10000036, 'Customer 37', 'customer37@example.com', '+1-555-1419', 82.93, 'cancelled', '2025-11-04 21:32:05.599763+00', NULL, NULL, NULL, NULL),
	(10000037, 'Customer 38', 'customer38@example.com', '+1-555-1759', 96.41, 'completed', '2025-10-29 11:58:18.80597+00', NULL, NULL, NULL, NULL),
	(10000038, 'Customer 39', 'customer39@example.com', '+1-555-6751', 107.9, 'completed', '2025-10-25 01:19:44.568659+00', NULL, NULL, NULL, NULL),
	(10000039, 'Customer 40', 'customer40@example.com', '+1-555-1032', 42.96, 'cancelled', '2025-10-20 14:46:33.539599+00', NULL, NULL, NULL, NULL),
	(10000040, 'Customer 41', 'customer41@example.com', '+1-555-8564', 70.94, 'cancelled', '2025-10-11 00:31:44.25032+00', NULL, NULL, NULL, NULL),
	(10000046, 'Customer 47', 'customer47@example.com', '+1-555-3264', 100.41, 'cancelled', '2025-11-03 05:40:50.034377+00', NULL, NULL, NULL, NULL),
	(10000048, 'Customer 49', 'customer49@example.com', '+1-555-8605', 74.42, 'completed', '2025-10-13 21:02:30.464469+00', NULL, NULL, NULL, NULL),
	(10000049, 'Customer 50', 'customer50@example.com', '+1-555-8473', 77.43, 'cancelled', '2025-10-29 22:56:23.711492+00', NULL, NULL, NULL, NULL),
	(10000050, 'Customer 51', 'customer51@example.com', '+1-555-6877', 77.43, 'completed', '2025-10-26 15:24:09.469685+00', NULL, NULL, NULL, NULL),
	(10000053, 'Customer 54', 'customer54@example.com', '+1-555-8941', 78.92, 'cancelled', '2025-10-30 09:30:45.69632+00', NULL, NULL, NULL, NULL),
	(10000055, 'Customer 56', 'customer56@example.com', '+1-555-1017', 79.92, 'completed', '2025-10-15 10:26:32.668512+00', NULL, NULL, NULL, NULL),
	(10000057, 'Customer 58', 'customer58@example.com', '+1-555-9316', 77.43, 'completed', '2025-11-05 01:24:36.576061+00', NULL, NULL, NULL, NULL),
	(10000058, 'Customer 59', 'customer59@example.com', '+1-555-2817', 88.91, 'completed', '2025-10-24 12:01:47.267346+00', NULL, NULL, NULL, NULL),
	(10000059, 'Customer 60', 'customer60@example.com', '+1-555-2017', 100.41, 'completed', '2025-10-16 06:53:38.451501+00', NULL, NULL, NULL, NULL),
	(10000062, 'Customer 63', 'customer63@example.com', '+1-555-5825', 119.9, 'completed', '2025-10-12 03:55:56.137183+00', NULL, NULL, NULL, NULL),
	(10000063, 'Customer 64', 'customer64@example.com', '+1-555-9115', 83.92, 'cancelled', '2025-10-12 15:02:53.044105+00', NULL, NULL, NULL, NULL),
	(10000064, 'Customer 65', 'customer65@example.com', '+1-555-6022', 63.44, 'completed', '2025-10-17 10:26:05.667182+00', NULL, NULL, NULL, NULL),
	(10000065, 'Customer 66', 'customer66@example.com', '+1-555-8546', 118.39, 'completed', '2025-10-24 21:55:52.653734+00', NULL, NULL, NULL, NULL),
	(10000069, 'Customer 70', 'customer70@example.com', '+1-555-3524', 74.42, 'completed', '2025-10-23 02:38:17.023796+00', NULL, NULL, NULL, NULL),
	(10000070, 'Customer 71', 'customer71@example.com', '+1-555-2142', 54.95, 'completed', '2025-10-25 12:43:07.928034+00', NULL, NULL, NULL, NULL),
	(10000071, 'Customer 72', 'customer72@example.com', '+1-555-8076', 53.45, 'completed', '2025-10-14 03:39:53.39955+00', NULL, NULL, NULL, NULL),
	(10000074, 'Customer 75', 'customer75@example.com', '+1-555-8481', 101.91, 'cancelled', '2025-10-31 18:47:21.372422+00', NULL, NULL, NULL, NULL),
	(10000018, 'Customer 19', 'customer19@example.com', '+1-555-5600', 85.43, 'completed', '2025-11-06 15:33:38.693606+00', NULL, NULL, NULL, NULL),
	(10000027, 'Customer 28', 'customer28@example.com', '+1-555-1896', 42.96, 'completed', '2025-11-05 19:09:32.321299+00', NULL, NULL, NULL, NULL),
	(10000061, 'Customer 62', 'customer62@example.com', '+1-555-4996', 119.9, 'cancelled', '2025-11-04 09:18:13.760469+00', NULL, NULL, NULL, NULL),
	(10000056, 'Customer 57', 'customer57@example.com', '+1-555-8027', 63.93, 'completed', '2025-11-03 07:39:09.859288+00', NULL, NULL, NULL, NULL),
	(10000060, 'Customer 61', 'customer61@example.com', '+1-555-2730', 62.43, 'completed', '2025-11-01 23:36:10.330624+00', NULL, NULL, NULL, NULL),
	(10000047, 'Customer 48', 'customer48@example.com', '+1-555-2120', 95.91, 'cancelled', '2025-11-01 10:45:11.85308+00', NULL, NULL, NULL, NULL),
	(10000023, 'Customer 24', 'customer24@example.com', '+1-555-2983', 107.91, 'completed', '2025-10-31 21:37:55.914589+00', NULL, NULL, NULL, NULL),
	(10000004, 'Customer 5', 'customer5@example.com', '+1-555-7924', 54.95, 'completed', '2025-10-30 18:44:38.454463+00', NULL, NULL, NULL, NULL),
	(10000041, 'Customer 42', 'customer42@example.com', '+1-555-3241', 79.93, 'completed', '2025-10-29 18:19:38.793918+00', NULL, NULL, NULL, NULL),
	(10000028, 'Customer 29', 'customer29@example.com', '+1-555-6477', 101.91, 'completed', '2025-10-29 16:26:14.027589+00', NULL, NULL, NULL, NULL),
	(10000045, 'Customer 46', 'customer46@example.com', '+1-555-5941', 53.45, 'completed', '2025-10-28 09:47:21.376047+00', NULL, NULL, NULL, NULL),
	(10000067, 'Customer 68', 'customer68@example.com', '+1-555-1449', 124.39, 'completed', '2025-10-27 19:17:10.415621+00', NULL, NULL, NULL, NULL),
	(10000033, 'Customer 34', 'customer34@example.com', '+1-555-2742', 75.93, 'completed', '2025-10-26 04:52:58.285268+00', NULL, NULL, NULL, NULL),
	(10000073, 'Customer 74', 'customer74@example.com', '+1-555-1306', 94.41, 'completed', '2025-10-20 02:09:10.139147+00', NULL, NULL, NULL, NULL),
	(10000002, 'Customer 3', 'customer3@example.com', '+1-555-9253', 116.89, 'cancelled', '2025-10-19 18:28:56.876907+00', NULL, NULL, NULL, NULL),
	(10000075, 'Customer 76', 'customer76@example.com', '+1-555-1253', 112.89, 'completed', '2025-10-19 04:34:56.567722+00', NULL, NULL, NULL, NULL),
	(10000054, 'Customer 55', 'customer55@example.com', '+1-555-1614', 75.93, 'completed', '2025-10-18 10:54:27.073405+00', NULL, NULL, NULL, NULL),
	(10000072, 'Customer 73', 'customer73@example.com', '+1-555-5249', 41.95, 'completed', '2025-10-18 09:50:12.651772+00', NULL, NULL, NULL, NULL),
	(10000052, 'Customer 53', 'customer53@example.com', '+1-555-5165', 91.92, 'cancelled', '2025-10-18 05:21:13.075738+00', NULL, NULL, NULL, NULL),
	(10000035, 'Customer 36', 'customer36@example.com', '+1-555-3094', 65.44, 'completed', '2025-10-15 23:07:13.458686+00', NULL, NULL, NULL, NULL),
	(10000068, 'Customer 69', 'customer69@example.com', '+1-555-5238', 116.89, 'completed', '2025-10-14 18:06:24.709068+00', NULL, NULL, NULL, NULL),
	(10000016, 'Customer 17', 'customer17@example.com', '+1-555-2646', 72.92, 'cancelled', '2025-10-14 07:43:36.58981+00', NULL, NULL, NULL, NULL),
	(10000051, 'Customer 52', 'customer52@example.com', '+1-555-8478', 69.44, 'completed', '2025-10-14 04:08:50.170102+00', NULL, NULL, NULL, NULL),
	(10000001, 'Customer 2', 'customer2@example.com', '+1-555-6276', 97.42, 'picked_up', '2025-10-09 17:46:36.180023+00', NULL, NULL, NULL, NULL),
	(10000007, 'Customer 8', 'customer8@example.com', '+1-555-6904', 80.42, 'cancelled', '2025-10-27 19:45:23.774182+00', NULL, NULL, NULL, NULL),
	(10000042, 'Customer 43', 'customer43@example.com', '+1-555-4742', 69.93, 'cancelled', '2025-10-31 02:25:19.646534+00', NULL, NULL, NULL, NULL),
	(10000043, 'Customer 44', 'customer44@example.com', '+1-555-2204', 86.93, 'cancelled', '2025-10-31 17:58:43.601899+00', NULL, NULL, NULL, NULL),
	(10000692, 'Karanpreet Singh', 'garhasaab001@gmail.com', '9297553239', 10.99, 'completed', '2025-11-26 16:28:04.436238+00', 'pickup', NULL, NULL, NULL),
	(10000681, 'Karanpreet Singh', 'garhasaab001@gmail.com', '9297553239', 6.99, 'completed', '2025-11-26 16:27:22.457059+00', 'pickup', NULL, NULL, NULL),
	(10000721, 'Karanpreet Singh', 'garhasaab001@gmail.com', '9297553239', 10.99, 'delivered', '2025-12-04 15:19:06.696604+00', 'delivery', '230 W Sumner Ave, ROSELLE PARK, 07204', NULL, NULL),
	(10000679, 'Ramanpreet Singh', 'goldy27574@icloud.com', '9297553239', 10.99, 'completed', '2025-11-26 16:16:36.839497+00', 'delivery', '284 W Centennial Ave, Roosevelt, 11575', NULL, NULL),
	(10000669, 'Jatinder Singh', 'goldy27574@icloud.com', '9173453210', 43.96, 'completed', '2025-11-26 15:45:13.357511+00', 'delivery', '12505 135th Ave, South Ozone Park, 11420', NULL, NULL),
	(10000044, 'Customer 45', 'customer45@example.com', '+1-555-1230', 63.44, 'completed', '2025-10-24 12:53:08.310232+00', NULL, NULL, NULL, NULL),
	(10000657, 'Karanpreet Singh', 'garhasaab001@gmail.com', '9297553239', 10.99, 'picked_up', '2025-11-26 15:30:11.392082+00', 'pickup', NULL, NULL, NULL),
	(10000029, 'Customer 30', 'customer30@example.com', '+1-555-1278', 54.95, 'completed', '2025-10-10 08:30:09.047515+00', NULL, NULL, NULL, NULL),
	(10000707, 'vde', 'vaer@fa.mrh', '1234512345', 10.99, 'delivered', '2025-11-26 18:29:29.86933+00', 'delivery', '230 W Sumner Ave, ROSELLE PARK, 07204', NULL, NULL),
	(10000022, 'Customer 23', 'customer23@example.com', '+1-555-6061', 63.94, 'cancelled', '2025-10-10 02:18:49.044806+00', NULL, NULL, NULL, NULL),
	(10000077, 'Customer 78', 'customer78@example.com', '+1-555-8951', 81.43, 'completed', '2025-10-15 19:30:28.479155+00', NULL, NULL, NULL, NULL),
	(10000079, 'Customer 80', 'customer80@example.com', '+1-555-1132', 95.91, 'completed', '2025-10-27 18:48:37.461524+00', NULL, NULL, NULL, NULL),
	(10000081, 'Customer 82', 'customer82@example.com', '+1-555-4592', 83.92, 'cancelled', '2025-10-20 18:59:25.771052+00', NULL, NULL, NULL, NULL),
	(10000000, 'Customer 1', 'customer1@example.com', '+1-555-7143', 93.42, 'picked_up', '2025-10-09 09:55:42.65226+00', NULL, NULL, NULL, NULL),
	(10000031, 'Customer 32', 'customer32@example.com', '+1-555-7238', 47.45, 'picked_up', '2025-11-07 04:45:24.785522+00', NULL, NULL, NULL, NULL),
	(10000003, 'Customer 4', 'customer4@example.com', '+1-555-1368', 57.94, 'completed', '2025-10-12 02:20:37.219954+00', NULL, NULL, NULL, NULL),
	(10000082, 'Customer 83', 'customer83@example.com', '+1-555-3985', 101.91, 'completed', '2025-10-29 21:26:08.559348+00', NULL, NULL, NULL, NULL),
	(10000084, 'Customer 85', 'customer85@example.com', '+1-555-8806', 47.45, 'cancelled', '2025-10-27 04:03:55.094823+00', NULL, NULL, NULL, NULL),
	(10000087, 'Customer 88', 'customer88@example.com', '+1-555-7287', 78.42, 'cancelled', '2025-10-14 16:12:25.680677+00', NULL, NULL, NULL, NULL),
	(10000090, 'Customer 91', 'customer91@example.com', '+1-555-5117', 91.42, 'cancelled', '2025-10-18 10:38:23.867213+00', NULL, NULL, NULL, NULL),
	(10000091, 'Customer 92', 'customer92@example.com', '+1-555-2702', 112.89, 'cancelled', '2025-10-22 06:07:20.88511+00', NULL, NULL, NULL, NULL),
	(10000093, 'Customer 94', 'customer94@example.com', '+1-555-9344', 100.9, 'completed', '2025-10-13 22:31:18.001494+00', NULL, NULL, NULL, NULL),
	(10000095, 'Customer 96', 'customer96@example.com', '+1-555-2965', 84.91, 'cancelled', '2025-10-29 19:09:04.931737+00', NULL, NULL, NULL, NULL),
	(10000096, 'Customer 97', 'customer97@example.com', '+1-555-5809', 73.93, 'cancelled', '2025-10-29 17:52:49.286429+00', NULL, NULL, NULL, NULL),
	(10000098, 'Customer 99', 'customer99@example.com', '+1-555-6796', 75.92, 'cancelled', '2025-10-23 06:48:46.830629+00', NULL, NULL, NULL, NULL),
	(10000009, 'Customer 10', 'customer10@example.com', '+1-555-3647', 116.89, 'cancelled', '2025-11-06 23:58:43.098476+00', NULL, NULL, NULL, NULL),
	(10000083, 'Customer 84', 'customer84@example.com', '+1-555-5529', 94.41, 'completed', '2025-11-05 06:37:26.685138+00', NULL, NULL, NULL, NULL),
	(10000076, 'Customer 77', 'customer77@example.com', '+1-555-7053', 89.92, 'completed', '2025-11-04 16:55:22.179056+00', NULL, NULL, NULL, NULL),
	(10000078, 'Customer 79', 'customer79@example.com', '+1-555-3113', 57.94, 'cancelled', '2025-11-01 01:13:09.832385+00', NULL, NULL, NULL, NULL),
	(10000088, 'Customer 89', 'customer89@example.com', '+1-555-4346', 91.91, 'cancelled', '2025-10-31 19:01:28.119831+00', NULL, NULL, NULL, NULL),
	(10000085, 'Customer 86', 'customer86@example.com', '+1-555-5685', 90.41, 'completed', '2025-10-29 23:50:07.601229+00', NULL, NULL, NULL, NULL),
	(10000066, 'Customer 67', 'customer67@example.com', '+1-555-4107', 90.41, 'completed', '2025-10-29 12:24:53.102355+00', NULL, NULL, NULL, NULL),
	(10000092, 'Customer 93', 'customer93@example.com', '+1-555-6882', 68.43, 'completed', '2025-10-24 14:21:59.666394+00', NULL, NULL, NULL, NULL),
	(10000094, 'Customer 95', 'customer95@example.com', '+1-555-5245', 67.93, 'cancelled', '2025-10-20 16:41:58.19146+00', NULL, NULL, NULL, NULL),
	(10000089, 'Customer 90', 'customer90@example.com', '+1-555-8288', 63.44, 'cancelled', '2025-10-15 02:49:17.921966+00', NULL, NULL, NULL, NULL),
	(10000097, 'Customer 98', 'customer98@example.com', '+1-555-1376', 79.43, 'cancelled', '2025-10-14 04:29:36.923767+00', NULL, NULL, NULL, NULL),
	(10000086, 'Customer 87', 'customer87@example.com', '+1-555-8888', 81.43, 'cancelled', '2025-10-13 18:23:24.050175+00', NULL, NULL, NULL, NULL),
	(10000080, 'Customer 81', 'customer81@example.com', '+1-555-2230', 42.96, 'completed', '2025-10-09 20:59:16.889526+00', NULL, NULL, NULL, NULL),
	(10000663, 'Karanpreet Singh', 'garhasaab001@gmail.com', '9297553239', 0, 'cancelled', '2025-11-26 15:37:09.633306+00', 'delivery', '12505 135th Ave, S Ozone Park, 11420', NULL, NULL),
	(10000660, 'Karanpreet Singh', 'garhasaab001@gmail.com', '9297553239', 21.98, 'delivered', '2025-11-26 15:35:09.009859+00', 'delivery', '230 W Sumner Ave, ROSELLE PARK, 07204', NULL, NULL),
	(10000696, 'Jatinder', 'argreb@gavda.vdas', '9297553239', 10.99, 'picked_up', '2025-11-26 17:10:45.070588+00', 'pickup', NULL, NULL, NULL),
	(10000099, 'Customer 100', 'customer100@example.com', '+1-555-2552', 84.92, 'picked_up', '2025-11-03 13:17:04.987147+00', NULL, NULL, NULL, NULL),
	(10000749, 'Karanpreet Singh', 'garhasaab001@gmail.com', '9297553239', 10.99, 'pending', '2025-12-13 15:51:41.888031+00', 'pickup', NULL, NULL, NULL),
	(10000740, 'Karanpreet Singh', 'garhasaab001@gmail.com', '9297553239', 13.99, 'pending', '2025-12-09 22:06:29.261694+00', 'delivery', '230 W Sumner Ave, ROSELLE PARK, 07204', NULL, NULL),
	(10000718, 'Karanpreet Singh', 'garhasaab001@gmail.com', '9297553239', 14.99, 'delivered', '2025-11-26 21:35:06.724019+00', 'delivery', '230 W Sumner Ave, ROSELLE PARK, 07204', NULL, NULL),
	(10000729, 'kena', 'nekalnv@krabgl.afvo', '12345123423', 41.97, 'picked_up', '2025-12-05 00:24:18.545774+00', 'pickup', NULL, NULL, NULL);


--
-- Data for Name: order_items; Type: TABLE DATA; Schema: public; Owner: postgres
--

INSERT INTO "public"."order_items" ("item_id", "order_id", "menu_item_id", "quantity", "price_at_time", "created_at", "order_item_status") VALUES
	('0a603259-23c4-4501-93de-38e365920a0a', 10000001, 'f8988c05-e2a7-4988-8f35-81ae58b8a741', 2, 10.49, '2025-11-08 07:45:43.086611+00', 'pending'),
	('8aee4ad8-83ac-4b41-964b-4715b50f3d5b', 10000001, 'ba5d3625-cc0e-4424-8617-b3dff36f92dd', 3, 15.99, '2025-11-08 07:45:43.086611+00', 'pending'),
	('a7d05367-2cf0-4b9e-a87b-be1b942bb7ae', 10000001, '350fb64f-10d0-44b5-ad1e-e58733cc6d62', 1, 4.49, '2025-11-08 07:45:43.086611+00', 'pending'),
	('3653d498-7221-4344-a581-3b262a75af64', 10000001, '228f4d89-2a7d-4e1d-bd9d-aadd14928b14', 2, 11.99, '2025-11-08 07:45:43.086611+00', 'pending'),
	('acf1f1fe-6225-458c-94f9-6b49765efa41', 10000002, 'f8988c05-e2a7-4988-8f35-81ae58b8a741', 3, 10.49, '2025-11-08 07:45:43.086611+00', 'pending'),
	('22cb1dce-ae39-4be5-8d4c-637accd7d861', 10000002, 'ba5d3625-cc0e-4424-8617-b3dff36f92dd', 3, 15.99, '2025-11-08 07:45:43.086611+00', 'pending'),
	('12d7d162-47d6-4e2e-a5f3-1adbca57fee3', 10000002, '350fb64f-10d0-44b5-ad1e-e58733cc6d62', 3, 4.49, '2025-11-08 07:45:43.086611+00', 'pending'),
	('9c969727-5cdb-4081-9e98-786695266cdc', 10000002, '228f4d89-2a7d-4e1d-bd9d-aadd14928b14', 2, 11.99, '2025-11-08 07:45:43.086611+00', 'pending'),
	('a3a2cc50-5806-426f-b5a6-e77ee7aedd3e', 10000003, 'f8988c05-e2a7-4988-8f35-81ae58b8a741', 2, 10.49, '2025-11-08 07:45:43.086611+00', 'pending'),
	('90a93f8c-a6ce-473e-9f21-d97c625655db', 10000003, 'ba5d3625-cc0e-4424-8617-b3dff36f92dd', 1, 15.99, '2025-11-08 07:45:43.086611+00', 'pending'),
	('8e2ba7f5-700e-476b-8865-298abadba4b1', 10000003, '350fb64f-10d0-44b5-ad1e-e58733cc6d62', 2, 4.49, '2025-11-08 07:45:43.086611+00', 'pending'),
	('cd6aeef9-252e-4980-aaef-7370c1488ce0', 10000003, '228f4d89-2a7d-4e1d-bd9d-aadd14928b14', 1, 11.99, '2025-11-08 07:45:43.086611+00', 'pending'),
	('f098658d-d634-4222-8f2b-e1ad4927dfed', 10000004, 'f8988c05-e2a7-4988-8f35-81ae58b8a741', 1, 10.49, '2025-11-08 07:45:43.086611+00', 'pending'),
	('d2b399ad-6a47-46f7-a7f1-d96bc5e56974', 10000004, 'ba5d3625-cc0e-4424-8617-b3dff36f92dd', 1, 15.99, '2025-11-08 07:45:43.086611+00', 'pending'),
	('e89c8622-343b-4053-a38d-ba585b792f41', 10000004, '350fb64f-10d0-44b5-ad1e-e58733cc6d62', 1, 4.49, '2025-11-08 07:45:43.086611+00', 'pending'),
	('29e1b33f-4528-4e8f-a7dc-c0add37d72c6', 10000004, '228f4d89-2a7d-4e1d-bd9d-aadd14928b14', 2, 11.99, '2025-11-08 07:45:43.086611+00', 'pending'),
	('042eb0f9-0d24-4ec4-8319-73d6ec9b410f', 10000005, 'f8988c05-e2a7-4988-8f35-81ae58b8a741', 1, 10.49, '2025-11-08 07:45:43.086611+00', 'pending'),
	('a6035a7a-1aa2-41ab-8d2a-fedc5e514eec', 10000005, 'ba5d3625-cc0e-4424-8617-b3dff36f92dd', 3, 15.99, '2025-11-08 07:45:43.086611+00', 'pending'),
	('9c364b15-bfd2-4998-8f12-d0b56de29186', 10000005, '350fb64f-10d0-44b5-ad1e-e58733cc6d62', 2, 4.49, '2025-11-08 07:45:43.086611+00', 'pending'),
	('34784962-bcbb-4a84-9aa1-ea5567ce23af', 10000005, '228f4d89-2a7d-4e1d-bd9d-aadd14928b14', 2, 11.99, '2025-11-08 07:45:43.086611+00', 'pending'),
	('e4578b74-ebf4-43ac-8d87-6c14cb928770', 10000006, 'f8988c05-e2a7-4988-8f35-81ae58b8a741', 3, 10.49, '2025-11-08 07:45:43.086611+00', 'pending'),
	('f0cc3715-6514-48f7-a9e4-f308058f9370', 10000006, 'ba5d3625-cc0e-4424-8617-b3dff36f92dd', 2, 15.99, '2025-11-08 07:45:43.086611+00', 'pending'),
	('00de6556-ef53-4634-b12b-46c90cb5c7b1', 10000006, '350fb64f-10d0-44b5-ad1e-e58733cc6d62', 1, 4.49, '2025-11-08 07:45:43.086611+00', 'pending'),
	('7d4d292e-47ef-4846-857a-53153154840f', 10000006, '228f4d89-2a7d-4e1d-bd9d-aadd14928b14', 3, 11.99, '2025-11-08 07:45:43.086611+00', 'pending'),
	('438e40e6-3150-4f18-b612-eca817aeb52b', 10000007, 'f8988c05-e2a7-4988-8f35-81ae58b8a741', 3, 10.49, '2025-11-08 07:45:43.086611+00', 'pending'),
	('eff523f7-372b-479a-a21e-21fb5b284670', 10000007, 'ba5d3625-cc0e-4424-8617-b3dff36f92dd', 1, 15.99, '2025-11-08 07:45:43.086611+00', 'pending'),
	('e675b168-4cd6-4b5a-b116-ac97121908d2', 10000007, '350fb64f-10d0-44b5-ad1e-e58733cc6d62', 2, 4.49, '2025-11-08 07:45:43.086611+00', 'pending'),
	('0f3ba899-b61e-45b5-9a67-d3438afe3629', 10000007, '228f4d89-2a7d-4e1d-bd9d-aadd14928b14', 2, 11.99, '2025-11-08 07:45:43.086611+00', 'pending'),
	('1d35928b-b3ee-4099-80be-63c683153a34', 10000008, 'f8988c05-e2a7-4988-8f35-81ae58b8a741', 1, 10.49, '2025-11-08 07:45:43.086611+00', 'pending'),
	('dfd1c376-0985-4005-a8dc-f0c781af1505', 10000008, 'ba5d3625-cc0e-4424-8617-b3dff36f92dd', 1, 15.99, '2025-11-08 07:45:43.086611+00', 'pending'),
	('b12e3f05-fcb1-48a9-9fbc-8d51496fa3d4', 10000008, '350fb64f-10d0-44b5-ad1e-e58733cc6d62', 3, 4.49, '2025-11-08 07:45:43.086611+00', 'pending'),
	('79734f3f-d6c4-44fb-8413-e37cbcbce899', 10000008, '228f4d89-2a7d-4e1d-bd9d-aadd14928b14', 3, 11.99, '2025-11-08 07:45:43.086611+00', 'pending'),
	('60aeee9a-cecb-42bb-be37-89925b9ef837', 10000009, 'f8988c05-e2a7-4988-8f35-81ae58b8a741', 3, 10.49, '2025-11-08 07:45:43.086611+00', 'pending'),
	('334081a1-a634-43e5-b4b7-ebf79d52c8aa', 10000009, 'ba5d3625-cc0e-4424-8617-b3dff36f92dd', 3, 15.99, '2025-11-08 07:45:43.086611+00', 'pending'),
	('de242010-6e8f-4f4f-a849-1df81111457d', 10000009, '350fb64f-10d0-44b5-ad1e-e58733cc6d62', 3, 4.49, '2025-11-08 07:45:43.086611+00', 'pending'),
	('2cc30253-ca32-4e4b-9fcd-9816cb38209f', 10000009, '228f4d89-2a7d-4e1d-bd9d-aadd14928b14', 2, 11.99, '2025-11-08 07:45:43.086611+00', 'pending'),
	('679a21c1-5791-4357-bdc9-7fc8d257cff8', 10000010, 'f8988c05-e2a7-4988-8f35-81ae58b8a741', 1, 10.49, '2025-11-08 07:45:43.086611+00', 'pending'),
	('16771aaa-2979-474b-a2f2-8068436f8f7e', 10000010, 'ba5d3625-cc0e-4424-8617-b3dff36f92dd', 2, 15.99, '2025-11-08 07:45:43.086611+00', 'pending'),
	('64048e47-37c0-454d-aa94-38d73810f174', 10000010, '350fb64f-10d0-44b5-ad1e-e58733cc6d62', 1, 4.49, '2025-11-08 07:45:43.086611+00', 'pending'),
	('ac790907-8a7d-4aef-8e9b-a2bc9ee92b60', 10000010, '228f4d89-2a7d-4e1d-bd9d-aadd14928b14', 1, 11.99, '2025-11-08 07:45:43.086611+00', 'pending'),
	('423647e8-2225-4eae-bb69-836de6140027', 10000011, 'f8988c05-e2a7-4988-8f35-81ae58b8a741', 2, 10.49, '2025-11-08 07:45:43.086611+00', 'pending'),
	('4df65e97-b3f7-4e80-9d07-ada4eea17326', 10000011, 'ba5d3625-cc0e-4424-8617-b3dff36f92dd', 1, 15.99, '2025-11-08 07:45:43.086611+00', 'pending'),
	('f93ccf53-2697-4371-a4c0-4b624e92c17e', 10000011, '350fb64f-10d0-44b5-ad1e-e58733cc6d62', 3, 4.49, '2025-11-08 07:45:43.086611+00', 'pending'),
	('4bdb374c-acb8-432d-96ad-f805d3f4d19c', 10000011, '228f4d89-2a7d-4e1d-bd9d-aadd14928b14', 3, 11.99, '2025-11-08 07:45:43.086611+00', 'pending'),
	('d3201bf4-8f9c-46c7-bbaa-691b95f4fa23', 10000012, 'f8988c05-e2a7-4988-8f35-81ae58b8a741', 3, 10.49, '2025-11-08 07:45:43.086611+00', 'pending'),
	('7c912e7d-9a32-435d-9c06-65db2879a8d2', 10000012, 'ba5d3625-cc0e-4424-8617-b3dff36f92dd', 3, 15.99, '2025-11-08 07:45:43.086611+00', 'pending'),
	('7ab005f0-d350-4ca6-8b8d-e878b5364491', 10000012, '350fb64f-10d0-44b5-ad1e-e58733cc6d62', 1, 4.49, '2025-11-08 07:45:43.086611+00', 'pending'),
	('2b86d2a2-8a73-405b-9d4e-e879276e0c67', 10000012, '228f4d89-2a7d-4e1d-bd9d-aadd14928b14', 2, 11.99, '2025-11-08 07:45:43.086611+00', 'pending'),
	('cbf9a4b0-1136-4de0-804b-58b9bf391a25', 10000013, 'f8988c05-e2a7-4988-8f35-81ae58b8a741', 2, 10.49, '2025-11-08 07:45:43.086611+00', 'pending'),
	('3ef14eb7-be87-4e15-8460-278d1a6c5cbf', 10000013, 'ba5d3625-cc0e-4424-8617-b3dff36f92dd', 1, 15.99, '2025-11-08 07:45:43.086611+00', 'pending'),
	('de4d4588-0d68-43ae-9878-0d666debb455', 10000013, '350fb64f-10d0-44b5-ad1e-e58733cc6d62', 3, 4.49, '2025-11-08 07:45:43.086611+00', 'pending'),
	('b4d773f7-1342-4c4e-a69f-d0fbac5a16ce', 10000013, '228f4d89-2a7d-4e1d-bd9d-aadd14928b14', 2, 11.99, '2025-11-08 07:45:43.086611+00', 'pending'),
	('d124a1f9-bb1b-47e7-bc7d-463ceae49d81', 10000014, 'f8988c05-e2a7-4988-8f35-81ae58b8a741', 3, 10.49, '2025-11-08 07:45:43.086611+00', 'pending'),
	('09f1880c-cb5e-40a0-b8d2-c7b001fd54b4', 10000014, 'ba5d3625-cc0e-4424-8617-b3dff36f92dd', 1, 15.99, '2025-11-08 07:45:43.086611+00', 'pending'),
	('ae35392a-b29f-4e44-9d59-a815e337129b', 10000014, '350fb64f-10d0-44b5-ad1e-e58733cc6d62', 3, 4.49, '2025-11-08 07:45:43.086611+00', 'pending'),
	('07c845d9-e9c4-4a42-98ff-1e07c063d97a', 10000014, '228f4d89-2a7d-4e1d-bd9d-aadd14928b14', 1, 11.99, '2025-11-08 07:45:43.086611+00', 'pending'),
	('eec5ab9b-624d-436e-ab8a-d91e041f43f2', 10000015, 'f8988c05-e2a7-4988-8f35-81ae58b8a741', 2, 10.49, '2025-11-08 07:45:43.086611+00', 'pending'),
	('20761d77-56dc-4b54-a7cf-e1e15b2f0e4f', 10000015, 'ba5d3625-cc0e-4424-8617-b3dff36f92dd', 1, 15.99, '2025-11-08 07:45:43.086611+00', 'pending'),
	('4e940fbe-62ce-4ffc-b215-901e60e6813e', 10000015, '350fb64f-10d0-44b5-ad1e-e58733cc6d62', 1, 4.49, '2025-11-08 07:45:43.086611+00', 'pending'),
	('5515f4e7-5bd9-4808-b96f-1e03590dcdf9', 10000015, '228f4d89-2a7d-4e1d-bd9d-aadd14928b14', 3, 11.99, '2025-11-08 07:45:43.086611+00', 'pending'),
	('762aba11-9a5a-4055-879e-fc2ff67135ee', 10000016, 'f8988c05-e2a7-4988-8f35-81ae58b8a741', 3, 10.49, '2025-11-08 07:45:43.086611+00', 'pending'),
	('d73d6528-918c-415c-8bc3-c02182b19cd3', 10000016, 'ba5d3625-cc0e-4424-8617-b3dff36f92dd', 1, 15.99, '2025-11-08 07:45:43.086611+00', 'pending'),
	('5a36dac9-3fe4-4bc0-8ed4-32a7ee8f1e80', 10000016, '350fb64f-10d0-44b5-ad1e-e58733cc6d62', 3, 4.49, '2025-11-08 07:45:43.086611+00', 'pending'),
	('dc23d808-45cd-40bd-bfb0-cbaca7118e49', 10000016, '228f4d89-2a7d-4e1d-bd9d-aadd14928b14', 1, 11.99, '2025-11-08 07:45:43.086611+00', 'pending'),
	('fdec6f9d-c967-4a2d-8666-a31b8cf22be8', 10000017, 'f8988c05-e2a7-4988-8f35-81ae58b8a741', 2, 10.49, '2025-11-08 07:45:43.086611+00', 'pending'),
	('d97b65be-f614-4ac9-b378-8a7a85bbec3b', 10000017, 'ba5d3625-cc0e-4424-8617-b3dff36f92dd', 3, 15.99, '2025-11-08 07:45:43.086611+00', 'pending'),
	('ecf89eef-5da6-46c3-a579-84e331052e3f', 10000017, '350fb64f-10d0-44b5-ad1e-e58733cc6d62', 1, 4.49, '2025-11-08 07:45:43.086611+00', 'pending'),
	('d3119f48-0e43-4455-8fb0-b970d48e9cda', 10000017, '228f4d89-2a7d-4e1d-bd9d-aadd14928b14', 3, 11.99, '2025-11-08 07:45:43.086611+00', 'pending'),
	('e26ba81c-153e-4828-91b9-b262252c13da', 10000018, 'f8988c05-e2a7-4988-8f35-81ae58b8a741', 2, 10.49, '2025-11-08 07:45:43.086611+00', 'pending'),
	('79f9eb84-7ab4-4d76-931d-9376f574468a', 10000018, 'ba5d3625-cc0e-4424-8617-b3dff36f92dd', 3, 15.99, '2025-11-08 07:45:43.086611+00', 'pending'),
	('f2d62220-5784-4c58-a4fb-7a00e37a932b', 10000018, '350fb64f-10d0-44b5-ad1e-e58733cc6d62', 1, 4.49, '2025-11-08 07:45:43.086611+00', 'pending'),
	('8547095b-48f4-40d9-bde1-dd5d7057e223', 10000018, '228f4d89-2a7d-4e1d-bd9d-aadd14928b14', 1, 11.99, '2025-11-08 07:45:43.086611+00', 'pending'),
	('2dc55c3a-30b9-4fe1-a2a4-c0093a77b276', 10000019, 'f8988c05-e2a7-4988-8f35-81ae58b8a741', 2, 10.49, '2025-11-08 07:45:43.086611+00', 'pending'),
	('393d4111-abce-4416-85c4-f7c435ea97f4', 10000019, 'ba5d3625-cc0e-4424-8617-b3dff36f92dd', 3, 15.99, '2025-11-08 07:45:43.086611+00', 'pending'),
	('2c2cbd70-b774-44b4-bd2a-91c84cede43e', 10000019, '350fb64f-10d0-44b5-ad1e-e58733cc6d62', 2, 4.49, '2025-11-08 07:45:43.086611+00', 'pending'),
	('6a8480aa-af9a-437c-8fe6-c185a91af6f0', 10000019, '228f4d89-2a7d-4e1d-bd9d-aadd14928b14', 3, 11.99, '2025-11-08 07:45:43.086611+00', 'pending'),
	('bc16cc51-9637-4aa0-882c-74e108b48ff4', 10000020, 'f8988c05-e2a7-4988-8f35-81ae58b8a741', 3, 10.49, '2025-11-08 07:45:43.086611+00', 'pending'),
	('ef4d3367-2e7b-47cd-82ea-fce868ce1dab', 10000020, 'ba5d3625-cc0e-4424-8617-b3dff36f92dd', 2, 15.99, '2025-11-08 07:45:43.086611+00', 'pending'),
	('d58404e5-a9ad-49b3-a11b-abfff5bce6b1', 10000020, '350fb64f-10d0-44b5-ad1e-e58733cc6d62', 2, 4.49, '2025-11-08 07:45:43.086611+00', 'pending'),
	('da54a474-a3a2-4cd2-b134-fb474554b047', 10000020, '228f4d89-2a7d-4e1d-bd9d-aadd14928b14', 3, 11.99, '2025-11-08 07:45:43.086611+00', 'pending'),
	('f4ea2699-1597-47f6-a9a3-7a33ff19b06c', 10000021, 'f8988c05-e2a7-4988-8f35-81ae58b8a741', 3, 10.49, '2025-11-08 07:45:43.086611+00', 'pending'),
	('1ef33ed8-9a3c-4d13-ac23-6c836cd4c7c1', 10000021, 'ba5d3625-cc0e-4424-8617-b3dff36f92dd', 2, 15.99, '2025-11-08 07:45:43.086611+00', 'pending'),
	('360c6132-9dcb-4b61-a196-a63cfdcc2e97', 10000021, '350fb64f-10d0-44b5-ad1e-e58733cc6d62', 2, 4.49, '2025-11-08 07:45:43.086611+00', 'pending'),
	('eb8619fb-8430-4f11-8f00-572df729404b', 10000021, '228f4d89-2a7d-4e1d-bd9d-aadd14928b14', 2, 11.99, '2025-11-08 07:45:43.086611+00', 'pending'),
	('34f216cf-db0d-4e97-8f8a-dadcdeed0432', 10000022, 'f8988c05-e2a7-4988-8f35-81ae58b8a741', 3, 10.49, '2025-11-08 07:45:43.086611+00', 'pending'),
	('5d76cb11-5363-4d67-99b4-d820e632ea02', 10000022, 'ba5d3625-cc0e-4424-8617-b3dff36f92dd', 1, 15.99, '2025-11-08 07:45:43.086611+00', 'pending'),
	('94bc342f-d0c9-4bfa-aef3-b6ecfa03354b', 10000022, '350fb64f-10d0-44b5-ad1e-e58733cc6d62', 1, 4.49, '2025-11-08 07:45:43.086611+00', 'pending'),
	('94ee18fc-5dce-4534-a691-b063e922cde1', 10000022, '228f4d89-2a7d-4e1d-bd9d-aadd14928b14', 1, 11.99, '2025-11-08 07:45:43.086611+00', 'pending'),
	('1a5c0758-b3fa-443f-ace9-ce3328084159', 10000023, 'f8988c05-e2a7-4988-8f35-81ae58b8a741', 3, 10.49, '2025-11-08 07:45:43.086611+00', 'pending'),
	('6a9edcd4-2d7a-45e3-b769-c3636aaefc1d', 10000023, 'ba5d3625-cc0e-4424-8617-b3dff36f92dd', 3, 15.99, '2025-11-08 07:45:43.086611+00', 'pending'),
	('417699ac-9ef2-4b13-95e3-746d73cb8388', 10000023, '350fb64f-10d0-44b5-ad1e-e58733cc6d62', 1, 4.49, '2025-11-08 07:45:43.086611+00', 'pending'),
	('e2b6f794-b094-4b1f-b15a-6e2859fceccc', 10000023, '228f4d89-2a7d-4e1d-bd9d-aadd14928b14', 2, 11.99, '2025-11-08 07:45:43.086611+00', 'pending'),
	('b5cb7302-5a38-4bc2-9ed0-e4c396bb0619', 10000024, 'f8988c05-e2a7-4988-8f35-81ae58b8a741', 2, 10.49, '2025-11-08 07:45:43.086611+00', 'pending'),
	('91cb3ad9-1b5b-4af4-924f-6692cf5e8fbe', 10000024, 'ba5d3625-cc0e-4424-8617-b3dff36f92dd', 3, 15.99, '2025-11-08 07:45:43.086611+00', 'pending'),
	('8c6e46bc-143a-4836-9bb8-09e9eb79cc1b', 10000024, '350fb64f-10d0-44b5-ad1e-e58733cc6d62', 1, 4.49, '2025-11-08 07:45:43.086611+00', 'pending'),
	('6d096cb3-54b4-4333-9a7f-10a2e7c8a3ae', 10000024, '228f4d89-2a7d-4e1d-bd9d-aadd14928b14', 3, 11.99, '2025-11-08 07:45:43.086611+00', 'pending'),
	('ed7d293a-580c-4457-a2b9-b7b2fd9d90cf', 10000025, 'f8988c05-e2a7-4988-8f35-81ae58b8a741', 1, 10.49, '2025-11-08 07:45:43.086611+00', 'pending'),
	('5540c117-bc90-4310-800a-efc2ada2104e', 10000025, 'ba5d3625-cc0e-4424-8617-b3dff36f92dd', 2, 15.99, '2025-11-08 07:45:43.086611+00', 'pending'),
	('e17787c1-48be-4399-9a10-176049699600', 10000025, '350fb64f-10d0-44b5-ad1e-e58733cc6d62', 3, 4.49, '2025-11-08 07:45:43.086611+00', 'pending'),
	('908b9e19-8650-4313-a15a-1357a978ffe1', 10000025, '228f4d89-2a7d-4e1d-bd9d-aadd14928b14', 3, 11.99, '2025-11-08 07:45:43.086611+00', 'pending'),
	('4d91bf3a-afc5-489b-a824-641dcbe3a04c', 10000026, 'f8988c05-e2a7-4988-8f35-81ae58b8a741', 1, 10.49, '2025-11-08 07:45:43.086611+00', 'pending'),
	('79e43749-c75b-4f31-bbd2-07845b2bb173', 10000026, 'ba5d3625-cc0e-4424-8617-b3dff36f92dd', 3, 15.99, '2025-11-08 07:45:43.086611+00', 'pending'),
	('04ffbf4e-6a51-4f1a-b19d-491cb5c4ced7', 10000026, '350fb64f-10d0-44b5-ad1e-e58733cc6d62', 3, 4.49, '2025-11-08 07:45:43.086611+00', 'pending'),
	('b12fe691-d03a-4a29-9a8d-9949614f96f3', 10000026, '228f4d89-2a7d-4e1d-bd9d-aadd14928b14', 1, 11.99, '2025-11-08 07:45:43.086611+00', 'pending'),
	('94d514da-3cab-4f66-be02-4b8f4410c08c', 10000027, 'f8988c05-e2a7-4988-8f35-81ae58b8a741', 1, 10.49, '2025-11-08 07:45:43.086611+00', 'pending'),
	('f8453c7a-af2c-4be6-b2d1-463436266e9b', 10000027, 'ba5d3625-cc0e-4424-8617-b3dff36f92dd', 1, 15.99, '2025-11-08 07:45:43.086611+00', 'pending'),
	('ddda6416-23cb-4960-b6ff-da3ddf9256a1', 10000027, '350fb64f-10d0-44b5-ad1e-e58733cc6d62', 1, 4.49, '2025-11-08 07:45:43.086611+00', 'pending'),
	('744a6161-8e2f-4107-9b9e-3bfc166d8969', 10000027, '228f4d89-2a7d-4e1d-bd9d-aadd14928b14', 1, 11.99, '2025-11-08 07:45:43.086611+00', 'pending'),
	('cb107fae-7c6b-4cfc-b641-b61cbc6f6127', 10000028, 'f8988c05-e2a7-4988-8f35-81ae58b8a741', 2, 10.49, '2025-11-08 07:45:43.086611+00', 'pending'),
	('86fe7229-7089-430e-b1d3-99c5e213f0b6', 10000028, 'ba5d3625-cc0e-4424-8617-b3dff36f92dd', 3, 15.99, '2025-11-08 07:45:43.086611+00', 'pending'),
	('cc35b963-3e9a-4cef-85a2-bef9c2fd0856', 10000028, '350fb64f-10d0-44b5-ad1e-e58733cc6d62', 2, 4.49, '2025-11-08 07:45:43.086611+00', 'pending'),
	('6353a1e3-a70a-44b2-98b0-cf7eca9b493c', 10000028, '228f4d89-2a7d-4e1d-bd9d-aadd14928b14', 2, 11.99, '2025-11-08 07:45:43.086611+00', 'pending'),
	('aa9995b0-0b9f-44e9-9b6b-fc56040e8ced', 10000029, 'f8988c05-e2a7-4988-8f35-81ae58b8a741', 1, 10.49, '2025-11-08 07:45:43.086611+00', 'pending'),
	('5757ded2-9a40-4b37-9572-8307b5727875', 10000029, 'ba5d3625-cc0e-4424-8617-b3dff36f92dd', 1, 15.99, '2025-11-08 07:45:43.086611+00', 'pending'),
	('cc2674ff-1580-4488-9c31-4897481b23c6', 10000029, '350fb64f-10d0-44b5-ad1e-e58733cc6d62', 1, 4.49, '2025-11-08 07:45:43.086611+00', 'pending'),
	('9c664999-04f8-4e81-ba93-54f341631b59', 10000029, '228f4d89-2a7d-4e1d-bd9d-aadd14928b14', 2, 11.99, '2025-11-08 07:45:43.086611+00', 'pending'),
	('9725de2d-51b7-4c9b-99c2-ce98f58b13b9', 10000030, 'f8988c05-e2a7-4988-8f35-81ae58b8a741', 1, 10.49, '2025-11-08 07:45:43.086611+00', 'pending'),
	('5b65d666-8bf4-4092-a157-45b944e82f7c', 10000030, 'ba5d3625-cc0e-4424-8617-b3dff36f92dd', 1, 15.99, '2025-11-08 07:45:43.086611+00', 'pending'),
	('a4694c8b-3bd5-4342-aaa1-06a2c35f9f47', 10000030, '350fb64f-10d0-44b5-ad1e-e58733cc6d62', 2, 4.49, '2025-11-08 07:45:43.086611+00', 'pending'),
	('f1ebeca0-228b-41bd-a2c4-f765f7ea73cc', 10000030, '228f4d89-2a7d-4e1d-bd9d-aadd14928b14', 2, 11.99, '2025-11-08 07:45:43.086611+00', 'pending'),
	('fb057626-17fa-48b5-bf50-fde91c3c78f4', 10000032, 'f8988c05-e2a7-4988-8f35-81ae58b8a741', 1, 10.49, '2025-11-08 07:45:43.086611+00', 'pending'),
	('9a84039b-4b22-4ae3-bc9a-055bbaa4b3c3', 10000032, 'ba5d3625-cc0e-4424-8617-b3dff36f92dd', 2, 15.99, '2025-11-08 07:45:43.086611+00', 'pending'),
	('b5012360-970d-4e64-8ee4-3523e0d837e4', 10000032, '350fb64f-10d0-44b5-ad1e-e58733cc6d62', 1, 4.49, '2025-11-08 07:45:43.086611+00', 'pending'),
	('9512ed59-9cd2-4086-8394-f77b3e2d38d7', 10000032, '228f4d89-2a7d-4e1d-bd9d-aadd14928b14', 1, 11.99, '2025-11-08 07:45:43.086611+00', 'pending'),
	('28112ac0-06a5-4e38-8f98-b0fd904c19a0', 10000033, 'f8988c05-e2a7-4988-8f35-81ae58b8a741', 3, 10.49, '2025-11-08 07:45:43.086611+00', 'pending'),
	('d505fe60-15b3-475c-9a34-613939f2a568', 10000033, 'ba5d3625-cc0e-4424-8617-b3dff36f92dd', 1, 15.99, '2025-11-08 07:45:43.086611+00', 'pending'),
	('962ec179-437a-4eb8-83ed-f54819114802', 10000033, '350fb64f-10d0-44b5-ad1e-e58733cc6d62', 1, 4.49, '2025-11-08 07:45:43.086611+00', 'pending'),
	('587f8ff5-892a-4fbb-b609-980541d7b80b', 10000033, '228f4d89-2a7d-4e1d-bd9d-aadd14928b14', 2, 11.99, '2025-11-08 07:45:43.086611+00', 'pending'),
	('b3c29811-19b2-4479-b6d0-010cbcc5ca74', 10000034, 'f8988c05-e2a7-4988-8f35-81ae58b8a741', 3, 10.49, '2025-11-08 07:45:43.086611+00', 'pending'),
	('6c7ae5a1-8518-4eb0-9443-8d4d8bb326ef', 10000034, 'ba5d3625-cc0e-4424-8617-b3dff36f92dd', 2, 15.99, '2025-11-08 07:45:43.086611+00', 'pending'),
	('fac43729-c719-41e7-b763-559d39188547', 10000034, '350fb64f-10d0-44b5-ad1e-e58733cc6d62', 1, 4.49, '2025-11-08 07:45:43.086611+00', 'pending'),
	('7bd41936-58bc-4b63-9534-4783315eacf2', 10000034, '228f4d89-2a7d-4e1d-bd9d-aadd14928b14', 2, 11.99, '2025-11-08 07:45:43.086611+00', 'pending'),
	('5c0dcbc3-b0ed-4d0e-854e-b1329a37cae4', 10000035, 'f8988c05-e2a7-4988-8f35-81ae58b8a741', 2, 10.49, '2025-11-08 07:45:43.086611+00', 'pending'),
	('59923ce4-9791-49b3-967a-adf7a8bee554', 10000035, 'ba5d3625-cc0e-4424-8617-b3dff36f92dd', 1, 15.99, '2025-11-08 07:45:43.086611+00', 'pending'),
	('fb432fa7-3c54-47c7-aa69-9d5083203371', 10000035, '350fb64f-10d0-44b5-ad1e-e58733cc6d62', 1, 4.49, '2025-11-08 07:45:43.086611+00', 'pending'),
	('0388c982-433d-4c97-b931-00baece2e9b8', 10000035, '228f4d89-2a7d-4e1d-bd9d-aadd14928b14', 2, 11.99, '2025-11-08 07:45:43.086611+00', 'pending'),
	('4a4d9e80-ec79-46dc-8de3-3640df0011d4', 10000036, 'f8988c05-e2a7-4988-8f35-81ae58b8a741', 1, 10.49, '2025-11-08 07:45:43.086611+00', 'pending'),
	('4c2bc5a2-2922-497e-9dfe-2ecfe39aa42c', 10000036, 'ba5d3625-cc0e-4424-8617-b3dff36f92dd', 2, 15.99, '2025-11-08 07:45:43.086611+00', 'pending'),
	('0f4fe0f2-e6da-4ed6-97db-e58943c06203', 10000036, '350fb64f-10d0-44b5-ad1e-e58733cc6d62', 1, 4.49, '2025-11-08 07:45:43.086611+00', 'pending'),
	('51a79240-c482-497b-b0d3-2f8466b44b92', 10000036, '228f4d89-2a7d-4e1d-bd9d-aadd14928b14', 3, 11.99, '2025-11-08 07:45:43.086611+00', 'pending'),
	('33d11fa3-b14f-4169-8ba3-cc5869fafbbf', 10000037, 'f8988c05-e2a7-4988-8f35-81ae58b8a741', 3, 10.49, '2025-11-08 07:45:43.086611+00', 'pending'),
	('f8ab1485-c0c2-4a9a-a293-fa0fc9bb4639', 10000037, 'ba5d3625-cc0e-4424-8617-b3dff36f92dd', 2, 15.99, '2025-11-08 07:45:43.086611+00', 'pending'),
	('22eb2671-2caa-41b3-a9b7-68bc729106e6', 10000037, '350fb64f-10d0-44b5-ad1e-e58733cc6d62', 2, 4.49, '2025-11-08 07:45:43.086611+00', 'pending'),
	('b4575103-5e9c-4b9a-865f-1c44ea66f618', 10000037, '228f4d89-2a7d-4e1d-bd9d-aadd14928b14', 2, 11.99, '2025-11-08 07:45:43.086611+00', 'pending'),
	('d260c5a5-885f-42db-8806-94018516db4f', 10000038, 'f8988c05-e2a7-4988-8f35-81ae58b8a741', 1, 10.49, '2025-11-08 07:45:43.086611+00', 'pending'),
	('52b738f2-b4ad-44b5-98cc-75b580d75f60', 10000038, 'ba5d3625-cc0e-4424-8617-b3dff36f92dd', 3, 15.99, '2025-11-08 07:45:43.086611+00', 'pending'),
	('4e5dd261-6248-4887-bacc-c72c77a33adc', 10000038, '350fb64f-10d0-44b5-ad1e-e58733cc6d62', 3, 4.49, '2025-11-08 07:45:43.086611+00', 'pending'),
	('5f49469f-a391-409b-b871-1f9097739d35', 10000038, '228f4d89-2a7d-4e1d-bd9d-aadd14928b14', 3, 11.99, '2025-11-08 07:45:43.086611+00', 'pending'),
	('a99e8492-c430-454a-b78b-5c9a0e3a6b25', 10000039, 'f8988c05-e2a7-4988-8f35-81ae58b8a741', 1, 10.49, '2025-11-08 07:45:43.086611+00', 'pending'),
	('e449fa74-467e-4a6a-8722-7c72a04eda86', 10000039, 'ba5d3625-cc0e-4424-8617-b3dff36f92dd', 1, 15.99, '2025-11-08 07:45:43.086611+00', 'pending'),
	('b3ff62b3-3026-49ff-a119-2909f27f7350', 10000039, '350fb64f-10d0-44b5-ad1e-e58733cc6d62', 1, 4.49, '2025-11-08 07:45:43.086611+00', 'pending'),
	('8228c076-b500-42d3-a714-a5aee6cb584d', 10000039, '228f4d89-2a7d-4e1d-bd9d-aadd14928b14', 1, 11.99, '2025-11-08 07:45:43.086611+00', 'pending'),
	('0f185782-f9a2-4764-8cb0-720e6ff4295e', 10000040, 'f8988c05-e2a7-4988-8f35-81ae58b8a741', 1, 10.49, '2025-11-08 07:45:43.086611+00', 'pending'),
	('af7f3c2b-ae86-4b01-91a6-0582799326f9', 10000040, 'ba5d3625-cc0e-4424-8617-b3dff36f92dd', 2, 15.99, '2025-11-08 07:45:43.086611+00', 'pending'),
	('62cfe523-86ae-4772-ace1-3a7aaed623ef', 10000040, '350fb64f-10d0-44b5-ad1e-e58733cc6d62', 1, 4.49, '2025-11-08 07:45:43.086611+00', 'pending'),
	('6647d856-3878-486a-abf4-2b705b459d28', 10000040, '228f4d89-2a7d-4e1d-bd9d-aadd14928b14', 2, 11.99, '2025-11-08 07:45:43.086611+00', 'pending'),
	('7736b6cc-1231-4db4-ba7c-31c5a21f2449', 10000041, 'f8988c05-e2a7-4988-8f35-81ae58b8a741', 3, 10.49, '2025-11-08 07:45:43.086611+00', 'pending'),
	('174191d8-d07f-4366-8c79-22d8e7044718', 10000041, 'ba5d3625-cc0e-4424-8617-b3dff36f92dd', 2, 15.99, '2025-11-08 07:45:43.086611+00', 'pending'),
	('f4c358dc-3eb2-43d6-97de-33f9a6f58859', 10000041, '350fb64f-10d0-44b5-ad1e-e58733cc6d62', 1, 4.49, '2025-11-08 07:45:43.086611+00', 'pending'),
	('7fc79f93-d05a-4aeb-81bf-eb4de22b7564', 10000041, '228f4d89-2a7d-4e1d-bd9d-aadd14928b14', 1, 11.99, '2025-11-08 07:45:43.086611+00', 'pending'),
	('4384ac90-2c25-404a-beb9-9c9390cadca2', 10000042, 'f8988c05-e2a7-4988-8f35-81ae58b8a741', 2, 10.49, '2025-11-08 07:45:43.086611+00', 'pending'),
	('8b4d51ef-2685-47a7-9393-723effca58f1', 10000042, 'ba5d3625-cc0e-4424-8617-b3dff36f92dd', 1, 15.99, '2025-11-08 07:45:43.086611+00', 'pending'),
	('88c0b4f7-cfd2-4845-a34a-6fb45eda1bee', 10000042, '350fb64f-10d0-44b5-ad1e-e58733cc6d62', 2, 4.49, '2025-11-08 07:45:43.086611+00', 'pending'),
	('12d3979a-dcbf-42a2-adb2-e68096ec694c', 10000042, '228f4d89-2a7d-4e1d-bd9d-aadd14928b14', 2, 11.99, '2025-11-08 07:45:43.086611+00', 'pending'),
	('42bfb85d-6ac2-4172-a43e-6e1b1a5384b1', 10000043, 'f8988c05-e2a7-4988-8f35-81ae58b8a741', 1, 10.49, '2025-11-08 07:45:43.086611+00', 'pending'),
	('458edd4a-ec95-4a1e-981f-2950c8a1ebe2', 10000043, 'ba5d3625-cc0e-4424-8617-b3dff36f92dd', 3, 15.99, '2025-11-08 07:45:43.086611+00', 'pending'),
	('7f7b7906-e8ec-4d1c-93be-67c5ae5b0f9e', 10000043, '350fb64f-10d0-44b5-ad1e-e58733cc6d62', 1, 4.49, '2025-11-08 07:45:43.086611+00', 'pending'),
	('86d16129-a375-48a6-8ccb-cb2a47137e57', 10000043, '228f4d89-2a7d-4e1d-bd9d-aadd14928b14', 2, 11.99, '2025-11-08 07:45:43.086611+00', 'pending'),
	('8e724cef-e395-48e3-b3ce-2db0e38360dc', 10000044, 'f8988c05-e2a7-4988-8f35-81ae58b8a741', 1, 10.49, '2025-11-08 07:45:43.086611+00', 'pending'),
	('66080d5c-2170-4ed0-8b3c-59fca5f6d632', 10000044, 'ba5d3625-cc0e-4424-8617-b3dff36f92dd', 2, 15.99, '2025-11-08 07:45:43.086611+00', 'pending'),
	('87933f07-9479-4112-9163-b7605ffcc3ef', 10000044, '350fb64f-10d0-44b5-ad1e-e58733cc6d62', 2, 4.49, '2025-11-08 07:45:43.086611+00', 'pending'),
	('c25fb6ff-34c5-45fb-b281-4990ccb614fe', 10000044, '228f4d89-2a7d-4e1d-bd9d-aadd14928b14', 1, 11.99, '2025-11-08 07:45:43.086611+00', 'pending'),
	('36f6300d-dee6-4b4d-b09b-20e3cf5abc61', 10000045, 'f8988c05-e2a7-4988-8f35-81ae58b8a741', 2, 10.49, '2025-11-08 07:45:43.086611+00', 'pending'),
	('c3243d68-b344-486b-9d2d-0553ac4cffc6', 10000045, 'ba5d3625-cc0e-4424-8617-b3dff36f92dd', 1, 15.99, '2025-11-08 07:45:43.086611+00', 'pending'),
	('fe0aee33-9ab0-42ab-8400-492851b85d47', 10000045, '350fb64f-10d0-44b5-ad1e-e58733cc6d62', 1, 4.49, '2025-11-08 07:45:43.086611+00', 'pending'),
	('597d8fdc-575e-461c-ba7c-b187b76767bb', 10000045, '228f4d89-2a7d-4e1d-bd9d-aadd14928b14', 1, 11.99, '2025-11-08 07:45:43.086611+00', 'pending'),
	('98b9dc63-1f05-4c46-a3df-8494ec5dc536', 10000046, 'f8988c05-e2a7-4988-8f35-81ae58b8a741', 3, 10.49, '2025-11-08 07:45:43.086611+00', 'pending'),
	('2b21a475-16f6-410a-9825-cbbff6e18053', 10000046, 'ba5d3625-cc0e-4424-8617-b3dff36f92dd', 3, 15.99, '2025-11-08 07:45:43.086611+00', 'pending'),
	('02a2a45c-bfcb-43e7-b7e0-1cfcd82b248e', 10000046, '350fb64f-10d0-44b5-ad1e-e58733cc6d62', 2, 4.49, '2025-11-08 07:45:43.086611+00', 'pending'),
	('5fd65b76-bfac-4e9d-9477-75993ccdb2d0', 10000046, '228f4d89-2a7d-4e1d-bd9d-aadd14928b14', 1, 11.99, '2025-11-08 07:45:43.086611+00', 'pending'),
	('6f88f7bd-ee5b-4ca1-9c5a-a8a5f3b9848f', 10000047, 'f8988c05-e2a7-4988-8f35-81ae58b8a741', 1, 10.49, '2025-11-08 07:45:43.086611+00', 'pending'),
	('3a69398b-8f00-4d72-880f-3fc6f44b1240', 10000047, 'ba5d3625-cc0e-4424-8617-b3dff36f92dd', 3, 15.99, '2025-11-08 07:45:43.086611+00', 'pending'),
	('8654320d-70b1-4b92-b7eb-1c3a375b24ab', 10000047, '350fb64f-10d0-44b5-ad1e-e58733cc6d62', 3, 4.49, '2025-11-08 07:45:43.086611+00', 'pending'),
	('44a8b9ce-8727-454e-832e-ecb5fbc8afc1', 10000047, '228f4d89-2a7d-4e1d-bd9d-aadd14928b14', 2, 11.99, '2025-11-08 07:45:43.086611+00', 'pending'),
	('46ff3cda-240f-4c74-bc01-cdc4a420fcc4', 10000048, 'f8988c05-e2a7-4988-8f35-81ae58b8a741', 2, 10.49, '2025-11-08 07:45:43.086611+00', 'pending'),
	('0f8e4b66-a922-4b0a-a693-5d003c981a6c', 10000048, 'ba5d3625-cc0e-4424-8617-b3dff36f92dd', 1, 15.99, '2025-11-08 07:45:43.086611+00', 'pending'),
	('49d02786-1cda-4ef0-9d96-75ca02532fcb', 10000048, '350fb64f-10d0-44b5-ad1e-e58733cc6d62', 3, 4.49, '2025-11-08 07:45:43.086611+00', 'pending'),
	('0529866d-35cf-4f13-b43b-9331f63e6212', 10000048, '228f4d89-2a7d-4e1d-bd9d-aadd14928b14', 2, 11.99, '2025-11-08 07:45:43.086611+00', 'pending'),
	('9a0b925b-f8ca-419d-bf79-69efb0f8e4d6', 10000049, 'f8988c05-e2a7-4988-8f35-81ae58b8a741', 2, 10.49, '2025-11-08 07:45:43.086611+00', 'pending'),
	('aa807ed5-3e73-4c01-95de-47032f361213', 10000049, 'ba5d3625-cc0e-4424-8617-b3dff36f92dd', 1, 15.99, '2025-11-08 07:45:43.086611+00', 'pending'),
	('5a856f56-0e4e-47df-a0c8-e8c02ed31fd7', 10000049, '350fb64f-10d0-44b5-ad1e-e58733cc6d62', 1, 4.49, '2025-11-08 07:45:43.086611+00', 'pending'),
	('335a8792-774b-4849-a713-dc2b45ce178e', 10000049, '228f4d89-2a7d-4e1d-bd9d-aadd14928b14', 3, 11.99, '2025-11-08 07:45:43.086611+00', 'pending'),
	('c99a2f5a-5e68-4aca-a90d-36d672853328', 10000050, 'f8988c05-e2a7-4988-8f35-81ae58b8a741', 2, 10.49, '2025-11-08 07:45:43.086611+00', 'pending'),
	('490f14d8-1baa-449d-b81d-1e323f6ea361', 10000050, 'ba5d3625-cc0e-4424-8617-b3dff36f92dd', 1, 15.99, '2025-11-08 07:45:43.086611+00', 'pending'),
	('6895eca8-2540-4969-8851-cbfdb443369b', 10000050, '350fb64f-10d0-44b5-ad1e-e58733cc6d62', 1, 4.49, '2025-11-08 07:45:43.086611+00', 'pending'),
	('b073e841-484c-4da7-968a-cf9e5216a03b', 10000050, '228f4d89-2a7d-4e1d-bd9d-aadd14928b14', 3, 11.99, '2025-11-08 07:45:43.086611+00', 'pending'),
	('493c0828-1437-4b1c-b93a-87550e7d1743', 10000051, 'f8988c05-e2a7-4988-8f35-81ae58b8a741', 2, 10.49, '2025-11-08 07:45:43.086611+00', 'pending'),
	('465c82bc-1d3f-4983-8f99-1311e2f082c6', 10000051, 'ba5d3625-cc0e-4424-8617-b3dff36f92dd', 2, 15.99, '2025-11-08 07:45:43.086611+00', 'pending'),
	('aeaef1bb-8aaa-4a74-b76a-5ac2ed82ac5c', 10000051, '350fb64f-10d0-44b5-ad1e-e58733cc6d62', 1, 4.49, '2025-11-08 07:45:43.086611+00', 'pending'),
	('27460eb0-49b8-4ea3-ae80-511588d49e5e', 10000051, '228f4d89-2a7d-4e1d-bd9d-aadd14928b14', 1, 11.99, '2025-11-08 07:45:43.086611+00', 'pending'),
	('cead8d46-dfc6-4ff8-9091-b0123260c6ef', 10000052, 'f8988c05-e2a7-4988-8f35-81ae58b8a741', 3, 10.49, '2025-11-08 07:45:43.086611+00', 'pending'),
	('b5161fea-2798-43eb-8298-59e267b02515', 10000052, 'ba5d3625-cc0e-4424-8617-b3dff36f92dd', 2, 15.99, '2025-11-08 07:45:43.086611+00', 'pending'),
	('65c3ff0a-e19a-41de-934a-6c78c2db7f5a', 10000052, '350fb64f-10d0-44b5-ad1e-e58733cc6d62', 1, 4.49, '2025-11-08 07:45:43.086611+00', 'pending'),
	('062fb9fd-3006-4eaf-9bfe-44f4fa5778bf', 10000052, '228f4d89-2a7d-4e1d-bd9d-aadd14928b14', 2, 11.99, '2025-11-08 07:45:43.086611+00', 'pending'),
	('16e8f6ed-6e60-4432-a64c-5cab45b1409f', 10000053, 'ba5d3625-cc0e-4424-8617-b3dff36f92dd', 1, 15.99, '2025-11-08 07:45:43.086611+00', 'pending'),
	('67422c10-975d-434b-bc7a-919ece479aac', 10000053, '350fb64f-10d0-44b5-ad1e-e58733cc6d62', 2, 4.49, '2025-11-08 07:45:43.086611+00', 'pending'),
	('0a25fa8a-ed03-4caa-b6d9-aa9536ad8f98', 10000053, '228f4d89-2a7d-4e1d-bd9d-aadd14928b14', 1, 11.99, '2025-11-08 07:45:43.086611+00', 'pending'),
	('5494d6e7-13d7-41b5-835c-09a62afb9957', 10000054, 'f8988c05-e2a7-4988-8f35-81ae58b8a741', 3, 10.49, '2025-11-08 07:45:43.086611+00', 'pending'),
	('9a420054-01c5-4762-b73d-5b4ee8eb8c0a', 10000054, 'ba5d3625-cc0e-4424-8617-b3dff36f92dd', 1, 15.99, '2025-11-08 07:45:43.086611+00', 'pending'),
	('d173961f-24a4-4dfb-b45e-e978704ba84d', 10000054, '350fb64f-10d0-44b5-ad1e-e58733cc6d62', 1, 4.49, '2025-11-08 07:45:43.086611+00', 'pending'),
	('d6bf170b-3a91-41d1-a472-b573c640dd19', 10000054, '228f4d89-2a7d-4e1d-bd9d-aadd14928b14', 2, 11.99, '2025-11-08 07:45:43.086611+00', 'pending'),
	('fc354ede-e786-4e62-bc2b-c80524ab1e34', 10000055, 'f8988c05-e2a7-4988-8f35-81ae58b8a741', 1, 10.49, '2025-11-08 07:45:43.086611+00', 'pending'),
	('8ec5c118-d4fc-4ec0-b974-d516751b0d5b', 10000055, 'ba5d3625-cc0e-4424-8617-b3dff36f92dd', 2, 15.99, '2025-11-08 07:45:43.086611+00', 'pending'),
	('398044b6-ca09-46b5-901f-5d935f2148d8', 10000055, '350fb64f-10d0-44b5-ad1e-e58733cc6d62', 3, 4.49, '2025-11-08 07:45:43.086611+00', 'pending'),
	('5310de44-8b4b-4199-b2ed-5896550e4c75', 10000055, '228f4d89-2a7d-4e1d-bd9d-aadd14928b14', 2, 11.99, '2025-11-08 07:45:43.086611+00', 'pending'),
	('2a473ae0-dcc5-48a0-a978-6b2d690b685a', 10000056, 'f8988c05-e2a7-4988-8f35-81ae58b8a741', 1, 10.49, '2025-11-08 07:45:43.086611+00', 'pending'),
	('ddc92aee-29b6-4a77-b82d-ada4cbef052b', 10000056, 'ba5d3625-cc0e-4424-8617-b3dff36f92dd', 1, 15.99, '2025-11-08 07:45:43.086611+00', 'pending'),
	('b5ec5278-f764-4869-995c-08cefb5b8139', 10000056, '350fb64f-10d0-44b5-ad1e-e58733cc6d62', 3, 4.49, '2025-11-08 07:45:43.086611+00', 'pending'),
	('ef7e38f2-3085-4480-8a11-c3fbfbf22362', 10000056, '228f4d89-2a7d-4e1d-bd9d-aadd14928b14', 2, 11.99, '2025-11-08 07:45:43.086611+00', 'pending'),
	('319a0e22-adab-494a-b7c6-607af73ca567', 10000057, 'f8988c05-e2a7-4988-8f35-81ae58b8a741', 2, 10.49, '2025-11-08 07:45:43.086611+00', 'pending'),
	('e72b8fce-8f26-48ff-9b40-02f12940ea61', 10000057, 'ba5d3625-cc0e-4424-8617-b3dff36f92dd', 1, 15.99, '2025-11-08 07:45:43.086611+00', 'pending'),
	('aba70b13-305b-4c47-81a7-78e0f1f41fba', 10000057, '350fb64f-10d0-44b5-ad1e-e58733cc6d62', 1, 4.49, '2025-11-08 07:45:43.086611+00', 'pending'),
	('25f46d14-3fcd-46a6-acfd-4aa075eaf8e3', 10000057, '228f4d89-2a7d-4e1d-bd9d-aadd14928b14', 3, 11.99, '2025-11-08 07:45:43.086611+00', 'pending'),
	('5adac1f3-2798-41c6-8d72-7d342442a4f7', 10000058, 'f8988c05-e2a7-4988-8f35-81ae58b8a741', 3, 10.49, '2025-11-08 07:45:43.086611+00', 'pending'),
	('8b85d5d3-574f-4322-94fd-5d834399a81b', 10000058, 'ba5d3625-cc0e-4424-8617-b3dff36f92dd', 2, 15.99, '2025-11-08 07:45:43.086611+00', 'pending'),
	('0d44298d-2eba-49a0-89ef-6f649ac809e8', 10000058, '350fb64f-10d0-44b5-ad1e-e58733cc6d62', 3, 4.49, '2025-11-08 07:45:43.086611+00', 'pending'),
	('0aabb0b3-7626-4fa7-a149-b497804c8d50', 10000058, '228f4d89-2a7d-4e1d-bd9d-aadd14928b14', 1, 11.99, '2025-11-08 07:45:43.086611+00', 'pending'),
	('8f552758-2791-472c-9541-92d1ad51d228', 10000059, 'f8988c05-e2a7-4988-8f35-81ae58b8a741', 3, 10.49, '2025-11-08 07:45:43.086611+00', 'pending'),
	('492c38c4-233e-4668-a5ef-2673f5f3b584', 10000059, 'ba5d3625-cc0e-4424-8617-b3dff36f92dd', 3, 15.99, '2025-11-08 07:45:43.086611+00', 'pending'),
	('04ba7482-6c88-4ab3-968d-180d3a5497c8', 10000059, '350fb64f-10d0-44b5-ad1e-e58733cc6d62', 2, 4.49, '2025-11-08 07:45:43.086611+00', 'pending'),
	('042219a0-460d-491a-9e41-c84e86077224', 10000059, '228f4d89-2a7d-4e1d-bd9d-aadd14928b14', 1, 11.99, '2025-11-08 07:45:43.086611+00', 'pending'),
	('e27a557c-c388-4adb-9094-41c2685aa1b9', 10000060, 'f8988c05-e2a7-4988-8f35-81ae58b8a741', 2, 10.49, '2025-11-08 07:45:43.086611+00', 'pending'),
	('6e958fab-0871-4083-870a-c0ee469b8142', 10000060, 'ba5d3625-cc0e-4424-8617-b3dff36f92dd', 1, 15.99, '2025-11-08 07:45:43.086611+00', 'pending'),
	('b2966011-77b6-4d8d-bf0b-cc40b3d34358', 10000060, '350fb64f-10d0-44b5-ad1e-e58733cc6d62', 3, 4.49, '2025-11-08 07:45:43.086611+00', 'pending'),
	('2e5f4a9d-df40-403f-98f2-74d461e3dd94', 10000060, '228f4d89-2a7d-4e1d-bd9d-aadd14928b14', 1, 11.99, '2025-11-08 07:45:43.086611+00', 'pending'),
	('c1cca855-4aa9-4c51-80a6-ad1495533af0', 10000061, 'f8988c05-e2a7-4988-8f35-81ae58b8a741', 3, 10.49, '2025-11-08 07:45:43.086611+00', 'pending'),
	('caf956e8-3d0d-448f-ba7a-7f1de28a4bbe', 10000061, 'ba5d3625-cc0e-4424-8617-b3dff36f92dd', 3, 15.99, '2025-11-08 07:45:43.086611+00', 'pending'),
	('b0570cd7-ab52-4ca8-9b0a-670cc4266cb2', 10000061, '350fb64f-10d0-44b5-ad1e-e58733cc6d62', 1, 4.49, '2025-11-08 07:45:43.086611+00', 'pending'),
	('f4552687-7965-409d-b10c-3763a16c3808', 10000061, '228f4d89-2a7d-4e1d-bd9d-aadd14928b14', 3, 11.99, '2025-11-08 07:45:43.086611+00', 'pending'),
	('059719be-3f5e-4a9b-8026-a8915861c9d6', 10000062, 'f8988c05-e2a7-4988-8f35-81ae58b8a741', 3, 10.49, '2025-11-08 07:45:43.086611+00', 'pending'),
	('49b85304-2026-4640-aba2-df4b16d98218', 10000062, 'ba5d3625-cc0e-4424-8617-b3dff36f92dd', 3, 15.99, '2025-11-08 07:45:43.086611+00', 'pending'),
	('3a691ff9-8944-4098-a8f7-9cd004b80772', 10000062, '350fb64f-10d0-44b5-ad1e-e58733cc6d62', 1, 4.49, '2025-11-08 07:45:43.086611+00', 'pending'),
	('4cb054e8-c6cd-4f38-ae6b-17ece7d9acb9', 10000062, '228f4d89-2a7d-4e1d-bd9d-aadd14928b14', 3, 11.99, '2025-11-08 07:45:43.086611+00', 'pending'),
	('5eb58a6c-13a3-44b0-a3b5-cf770b35e078', 10000063, 'f8988c05-e2a7-4988-8f35-81ae58b8a741', 1, 10.49, '2025-11-08 07:45:43.086611+00', 'pending'),
	('9e506521-fbd3-4fb1-ad3e-6d3a5b64e39b', 10000063, 'ba5d3625-cc0e-4424-8617-b3dff36f92dd', 3, 15.99, '2025-11-08 07:45:43.086611+00', 'pending'),
	('917fdbdb-4c61-41e2-9aa1-6d841c244e7f', 10000063, '350fb64f-10d0-44b5-ad1e-e58733cc6d62', 3, 4.49, '2025-11-08 07:45:43.086611+00', 'pending'),
	('09aa5f6b-bec5-4ab7-a2d5-89c43f1f4afb', 10000063, '228f4d89-2a7d-4e1d-bd9d-aadd14928b14', 1, 11.99, '2025-11-08 07:45:43.086611+00', 'pending'),
	('3e681811-169c-4258-8b0f-1e56f3587bf5', 10000064, 'f8988c05-e2a7-4988-8f35-81ae58b8a741', 1, 10.49, '2025-11-08 07:45:43.086611+00', 'pending'),
	('63c90c7e-155b-426c-b3a4-1a2e00a656c6', 10000064, 'ba5d3625-cc0e-4424-8617-b3dff36f92dd', 2, 15.99, '2025-11-08 07:45:43.086611+00', 'pending'),
	('2bc3845a-e8d7-4ccd-b380-35798a301206', 10000064, '350fb64f-10d0-44b5-ad1e-e58733cc6d62', 2, 4.49, '2025-11-08 07:45:43.086611+00', 'pending'),
	('1bc1f01f-0993-42b8-8bf9-36e7c21d86b2', 10000064, '228f4d89-2a7d-4e1d-bd9d-aadd14928b14', 1, 11.99, '2025-11-08 07:45:43.086611+00', 'pending'),
	('3e9f8f26-1ced-4ebe-9789-6a0467ad9587', 10000065, 'f8988c05-e2a7-4988-8f35-81ae58b8a741', 2, 10.49, '2025-11-08 07:45:43.086611+00', 'pending'),
	('fec85130-677e-4615-b71a-3b05d9cf7345', 10000065, 'ba5d3625-cc0e-4424-8617-b3dff36f92dd', 3, 15.99, '2025-11-08 07:45:43.086611+00', 'pending'),
	('4b86f550-d9b2-4844-9ef0-2335840911f3', 10000065, '350fb64f-10d0-44b5-ad1e-e58733cc6d62', 3, 4.49, '2025-11-08 07:45:43.086611+00', 'pending'),
	('8c4db307-5e50-451b-8af1-fb4675b529e1', 10000065, '228f4d89-2a7d-4e1d-bd9d-aadd14928b14', 3, 11.99, '2025-11-08 07:45:43.086611+00', 'pending'),
	('f0349d36-ed07-4a64-b5ac-1d86f78cadf7', 10000066, 'f8988c05-e2a7-4988-8f35-81ae58b8a741', 2, 10.49, '2025-11-08 07:45:43.086611+00', 'pending'),
	('f2be2f2f-4390-43d0-bc9a-11e995b36fc8', 10000066, 'ba5d3625-cc0e-4424-8617-b3dff36f92dd', 2, 15.99, '2025-11-08 07:45:43.086611+00', 'pending'),
	('290fd41e-5576-4c29-87e5-8c3812f02589', 10000066, '350fb64f-10d0-44b5-ad1e-e58733cc6d62', 3, 4.49, '2025-11-08 07:45:43.086611+00', 'pending'),
	('2188e6c9-da4e-4aac-b970-94079831c952', 10000066, '228f4d89-2a7d-4e1d-bd9d-aadd14928b14', 2, 11.99, '2025-11-08 07:45:43.086611+00', 'pending'),
	('e8a1d12d-b700-4221-90ae-e82f4d1f3af7', 10000067, 'f8988c05-e2a7-4988-8f35-81ae58b8a741', 3, 10.49, '2025-11-08 07:45:43.086611+00', 'pending'),
	('5578480e-f09b-44d6-be4e-1f083da176a1', 10000067, 'ba5d3625-cc0e-4424-8617-b3dff36f92dd', 3, 15.99, '2025-11-08 07:45:43.086611+00', 'pending'),
	('3d5056e8-4b0c-4cbf-ac5b-2d0f500adcdf', 10000067, '350fb64f-10d0-44b5-ad1e-e58733cc6d62', 2, 4.49, '2025-11-08 07:45:43.086611+00', 'pending'),
	('4044d5a9-634a-4503-9852-96474889789b', 10000067, '228f4d89-2a7d-4e1d-bd9d-aadd14928b14', 3, 11.99, '2025-11-08 07:45:43.086611+00', 'pending'),
	('62dfc764-8585-4325-bde4-d867fcb2ab5c', 10000068, 'f8988c05-e2a7-4988-8f35-81ae58b8a741', 3, 10.49, '2025-11-08 07:45:43.086611+00', 'pending'),
	('21699072-3dc4-49ed-a522-5869c9f3c02e', 10000068, 'ba5d3625-cc0e-4424-8617-b3dff36f92dd', 3, 15.99, '2025-11-08 07:45:43.086611+00', 'pending'),
	('5b5d2049-c72c-4448-b779-200f466fa8d7', 10000068, '350fb64f-10d0-44b5-ad1e-e58733cc6d62', 3, 4.49, '2025-11-08 07:45:43.086611+00', 'pending'),
	('4c242a3d-50f0-4ccc-acc1-6ea89a531572', 10000068, '228f4d89-2a7d-4e1d-bd9d-aadd14928b14', 2, 11.99, '2025-11-08 07:45:43.086611+00', 'pending'),
	('662b0809-5cc2-40ae-9999-5a5f6c47e787', 10000069, 'f8988c05-e2a7-4988-8f35-81ae58b8a741', 2, 10.49, '2025-11-08 07:45:43.086611+00', 'pending'),
	('c0244d99-48df-406d-8294-d8cde2ef0978', 10000069, 'ba5d3625-cc0e-4424-8617-b3dff36f92dd', 1, 15.99, '2025-11-08 07:45:43.086611+00', 'pending'),
	('99fa485e-0878-44d3-a8db-4211c0b6a307', 10000069, '350fb64f-10d0-44b5-ad1e-e58733cc6d62', 3, 4.49, '2025-11-08 07:45:43.086611+00', 'pending'),
	('ae44d639-65d9-4bf3-aeb6-42841a8092f5', 10000069, '228f4d89-2a7d-4e1d-bd9d-aadd14928b14', 2, 11.99, '2025-11-08 07:45:43.086611+00', 'pending'),
	('7e37d6d7-f118-416e-bedb-89acfe62ed3f', 10000070, 'f8988c05-e2a7-4988-8f35-81ae58b8a741', 1, 10.49, '2025-11-08 07:45:43.086611+00', 'pending'),
	('30212d11-4568-4540-b381-a8d78892a439', 10000070, 'ba5d3625-cc0e-4424-8617-b3dff36f92dd', 1, 15.99, '2025-11-08 07:45:43.086611+00', 'pending'),
	('f4efc9d8-7f0a-4333-9dc8-a657874e19b6', 10000070, '350fb64f-10d0-44b5-ad1e-e58733cc6d62', 1, 4.49, '2025-11-08 07:45:43.086611+00', 'pending'),
	('609afac0-71f0-46ad-8d2b-e791aadeaf45', 10000070, '228f4d89-2a7d-4e1d-bd9d-aadd14928b14', 2, 11.99, '2025-11-08 07:45:43.086611+00', 'pending'),
	('108d7e05-fa7b-474a-89c9-93dde709f7ca', 10000071, 'f8988c05-e2a7-4988-8f35-81ae58b8a741', 2, 10.49, '2025-11-08 07:45:43.086611+00', 'pending'),
	('9e24b528-eb43-4533-a488-31896c254406', 10000071, 'ba5d3625-cc0e-4424-8617-b3dff36f92dd', 1, 15.99, '2025-11-08 07:45:43.086611+00', 'pending'),
	('1f02a2ba-356f-4763-86c2-f9787edf371b', 10000071, '350fb64f-10d0-44b5-ad1e-e58733cc6d62', 1, 4.49, '2025-11-08 07:45:43.086611+00', 'pending'),
	('08caed7b-6804-4087-8319-940f90fddc71', 10000071, '228f4d89-2a7d-4e1d-bd9d-aadd14928b14', 1, 11.99, '2025-11-08 07:45:43.086611+00', 'pending'),
	('b098a7f8-53c9-47b0-b6f5-22e32495f6b0', 10000072, 'f8988c05-e2a7-4988-8f35-81ae58b8a741', 2, 10.49, '2025-11-08 07:45:43.086611+00', 'pending'),
	('36dfc92b-37a7-4217-86cc-4338f77597c2', 10000072, '350fb64f-10d0-44b5-ad1e-e58733cc6d62', 2, 4.49, '2025-11-08 07:45:43.086611+00', 'pending'),
	('0cfb961c-d56f-4d8a-92d4-912a4925244d', 10000072, '228f4d89-2a7d-4e1d-bd9d-aadd14928b14', 1, 11.99, '2025-11-08 07:45:43.086611+00', 'pending'),
	('81b036e0-125d-40e8-8e97-3f59eed54550', 10000073, 'f8988c05-e2a7-4988-8f35-81ae58b8a741', 2, 10.49, '2025-11-08 07:45:43.086611+00', 'pending'),
	('1e11f487-b1f0-404b-b963-dfb1fc732c2d', 10000073, 'ba5d3625-cc0e-4424-8617-b3dff36f92dd', 3, 15.99, '2025-11-08 07:45:43.086611+00', 'pending'),
	('1cd11224-493a-453f-87fd-a60c50974f5a', 10000073, '350fb64f-10d0-44b5-ad1e-e58733cc6d62', 3, 4.49, '2025-11-08 07:45:43.086611+00', 'pending'),
	('adc54c72-6670-429f-a8d2-94ff5eb3ae67', 10000073, '228f4d89-2a7d-4e1d-bd9d-aadd14928b14', 1, 11.99, '2025-11-08 07:45:43.086611+00', 'pending'),
	('8a01a52b-d650-42d1-b7b2-f303d1ae6f5d', 10000074, 'f8988c05-e2a7-4988-8f35-81ae58b8a741', 2, 10.49, '2025-11-08 07:45:43.086611+00', 'pending'),
	('899133cb-29b3-4cc4-9638-195ac34c79a4', 10000074, 'ba5d3625-cc0e-4424-8617-b3dff36f92dd', 3, 15.99, '2025-11-08 07:45:43.086611+00', 'pending'),
	('02555d78-b2f0-48ba-b554-1c9a1271ae5d', 10000074, '350fb64f-10d0-44b5-ad1e-e58733cc6d62', 2, 4.49, '2025-11-08 07:45:43.086611+00', 'pending'),
	('a63376b3-e530-468c-84dd-9a8210ff1f88', 10000074, '228f4d89-2a7d-4e1d-bd9d-aadd14928b14', 2, 11.99, '2025-11-08 07:45:43.086611+00', 'pending'),
	('e8480d93-0bdc-4f4d-a638-479edd91eb6a', 10000075, 'f8988c05-e2a7-4988-8f35-81ae58b8a741', 3, 10.49, '2025-11-08 07:45:43.086611+00', 'pending'),
	('c6cf0b06-2e13-4d26-a9f0-b64425078525', 10000075, 'ba5d3625-cc0e-4424-8617-b3dff36f92dd', 2, 15.99, '2025-11-08 07:45:43.086611+00', 'pending'),
	('85d869a9-522f-4ad7-b484-6d3f61018ea1', 10000075, '350fb64f-10d0-44b5-ad1e-e58733cc6d62', 3, 4.49, '2025-11-08 07:45:43.086611+00', 'pending'),
	('b20892b9-f204-4344-8fd4-e1900c962053', 10000075, '228f4d89-2a7d-4e1d-bd9d-aadd14928b14', 3, 11.99, '2025-11-08 07:45:43.086611+00', 'pending'),
	('7ae26947-5557-4089-95a1-290c7843d6e6', 10000076, 'f8988c05-e2a7-4988-8f35-81ae58b8a741', 2, 10.49, '2025-11-08 07:45:43.086611+00', 'pending'),
	('5f003857-9b79-46c2-883b-500134956719', 10000076, 'ba5d3625-cc0e-4424-8617-b3dff36f92dd', 3, 15.99, '2025-11-08 07:45:43.086611+00', 'pending'),
	('263c0d71-b36c-4cec-a7c2-fece1c4762d4', 10000076, '350fb64f-10d0-44b5-ad1e-e58733cc6d62', 2, 4.49, '2025-11-08 07:45:43.086611+00', 'pending'),
	('4744323e-5b60-4c6d-a8e3-6467caab8981', 10000076, '228f4d89-2a7d-4e1d-bd9d-aadd14928b14', 1, 11.99, '2025-11-08 07:45:43.086611+00', 'pending'),
	('d9d85106-7a94-4d97-a6df-0374e87c7fff', 10000077, 'f8988c05-e2a7-4988-8f35-81ae58b8a741', 2, 10.49, '2025-11-08 07:45:43.086611+00', 'pending'),
	('a1c74fa0-c48b-402e-8569-09c03ec98435', 10000077, 'ba5d3625-cc0e-4424-8617-b3dff36f92dd', 2, 15.99, '2025-11-08 07:45:43.086611+00', 'pending'),
	('27cdaf70-ca70-4b4f-b133-4f6728646144', 10000077, '350fb64f-10d0-44b5-ad1e-e58733cc6d62', 1, 4.49, '2025-11-08 07:45:43.086611+00', 'pending'),
	('db8379d0-a68d-42d9-aaa2-b0d3038aa705', 10000077, '228f4d89-2a7d-4e1d-bd9d-aadd14928b14', 2, 11.99, '2025-11-08 07:45:43.086611+00', 'pending'),
	('211002e9-763c-4206-b1e8-bdee7a7077ef', 10000078, 'f8988c05-e2a7-4988-8f35-81ae58b8a741', 2, 10.49, '2025-11-08 07:45:43.086611+00', 'pending'),
	('54e23419-6c13-4adf-968d-f2e55caa436a', 10000078, 'ba5d3625-cc0e-4424-8617-b3dff36f92dd', 1, 15.99, '2025-11-08 07:45:43.086611+00', 'pending'),
	('87cabb5c-e902-47e2-8173-96f9226823d6', 10000078, '350fb64f-10d0-44b5-ad1e-e58733cc6d62', 2, 4.49, '2025-11-08 07:45:43.086611+00', 'pending'),
	('c3eef529-caab-4035-96e4-a6a7da5567fd', 10000078, '228f4d89-2a7d-4e1d-bd9d-aadd14928b14', 1, 11.99, '2025-11-08 07:45:43.086611+00', 'pending'),
	('ea887db0-0dc0-45b4-be23-cc3263a4994d', 10000079, 'f8988c05-e2a7-4988-8f35-81ae58b8a741', 1, 10.49, '2025-11-08 07:45:43.086611+00', 'pending'),
	('90978656-a8a6-4c5b-842e-276fd14fa9a3', 10000079, 'ba5d3625-cc0e-4424-8617-b3dff36f92dd', 3, 15.99, '2025-11-08 07:45:43.086611+00', 'pending'),
	('96382b44-04b7-481f-a76d-371263e31236', 10000079, '350fb64f-10d0-44b5-ad1e-e58733cc6d62', 3, 4.49, '2025-11-08 07:45:43.086611+00', 'pending'),
	('ed0c572a-fae1-488c-ab40-3a44255a1708', 10000079, '228f4d89-2a7d-4e1d-bd9d-aadd14928b14', 2, 11.99, '2025-11-08 07:45:43.086611+00', 'pending'),
	('bda877ac-84e1-494a-a193-9247f7577def', 10000081, 'f8988c05-e2a7-4988-8f35-81ae58b8a741', 1, 10.49, '2025-11-08 07:45:43.086611+00', 'pending'),
	('76e6ba4a-ec19-4851-ac50-1f55c05c102a', 10000081, 'ba5d3625-cc0e-4424-8617-b3dff36f92dd', 3, 15.99, '2025-11-08 07:45:43.086611+00', 'pending'),
	('d011fd49-2bd2-4111-9fa3-fe4590eacfe6', 10000081, '350fb64f-10d0-44b5-ad1e-e58733cc6d62', 3, 4.49, '2025-11-08 07:45:43.086611+00', 'pending'),
	('73af8678-f505-4feb-bd7e-bce35e6ef41e', 10000081, '228f4d89-2a7d-4e1d-bd9d-aadd14928b14', 1, 11.99, '2025-11-08 07:45:43.086611+00', 'pending'),
	('540f9100-13ef-428e-ade3-1a254786810e', 10000082, 'f8988c05-e2a7-4988-8f35-81ae58b8a741', 2, 10.49, '2025-11-08 07:45:43.086611+00', 'pending'),
	('ef15f67a-940a-4710-bd26-6a67d639a34c', 10000082, 'ba5d3625-cc0e-4424-8617-b3dff36f92dd', 3, 15.99, '2025-11-08 07:45:43.086611+00', 'pending'),
	('821889c0-6ab7-4657-b8e5-a48d7ba18cf8', 10000082, '350fb64f-10d0-44b5-ad1e-e58733cc6d62', 2, 4.49, '2025-11-08 07:45:43.086611+00', 'pending'),
	('196cfca2-4770-42d0-a30e-a94817cbe5c9', 10000082, '228f4d89-2a7d-4e1d-bd9d-aadd14928b14', 2, 11.99, '2025-11-08 07:45:43.086611+00', 'pending'),
	('b18cbabe-8e17-4212-bf94-2825de6ed31e', 10000083, 'f8988c05-e2a7-4988-8f35-81ae58b8a741', 2, 10.49, '2025-11-08 07:45:43.086611+00', 'pending'),
	('37ff0874-eab1-4509-ad83-609a721062b2', 10000083, 'ba5d3625-cc0e-4424-8617-b3dff36f92dd', 3, 15.99, '2025-11-08 07:45:43.086611+00', 'pending'),
	('86ca23f0-a43f-44ac-91a9-6f2c7c9a0b02', 10000083, '350fb64f-10d0-44b5-ad1e-e58733cc6d62', 3, 4.49, '2025-11-08 07:45:43.086611+00', 'pending'),
	('b6cf1f97-90ec-41ce-8e4a-2213cac8b873', 10000083, '228f4d89-2a7d-4e1d-bd9d-aadd14928b14', 1, 11.99, '2025-11-08 07:45:43.086611+00', 'pending'),
	('83cfee64-989d-43a4-a7af-bf12683c3b44', 10000084, 'f8988c05-e2a7-4988-8f35-81ae58b8a741', 1, 10.49, '2025-11-08 07:45:43.086611+00', 'pending'),
	('3ca3470f-828c-4db2-9f43-92bc268279b5', 10000084, 'ba5d3625-cc0e-4424-8617-b3dff36f92dd', 1, 15.99, '2025-11-08 07:45:43.086611+00', 'pending'),
	('e400efb5-6ad2-4034-8154-0cb2a2396deb', 10000084, '350fb64f-10d0-44b5-ad1e-e58733cc6d62', 2, 4.49, '2025-11-08 07:45:43.086611+00', 'pending'),
	('3454857d-a8df-411e-aadf-eaad19d309df', 10000084, '228f4d89-2a7d-4e1d-bd9d-aadd14928b14', 1, 11.99, '2025-11-08 07:45:43.086611+00', 'pending'),
	('7dda0899-8898-4200-8c31-3714338047cf', 10000085, 'f8988c05-e2a7-4988-8f35-81ae58b8a741', 2, 10.49, '2025-11-08 07:45:43.086611+00', 'pending'),
	('340f4fb5-076a-4738-8a65-e92d396fabcb', 10000085, 'ba5d3625-cc0e-4424-8617-b3dff36f92dd', 2, 15.99, '2025-11-08 07:45:43.086611+00', 'pending'),
	('583f2e22-2848-4ea9-893f-37ff6e8feb80', 10000085, '350fb64f-10d0-44b5-ad1e-e58733cc6d62', 3, 4.49, '2025-11-08 07:45:43.086611+00', 'pending'),
	('2ff67a4a-8a46-4f15-81e1-457b5cdd676c', 10000085, '228f4d89-2a7d-4e1d-bd9d-aadd14928b14', 2, 11.99, '2025-11-08 07:45:43.086611+00', 'pending'),
	('e820afe6-ddea-44a5-8a6b-81ca4cd304dd', 10000086, 'f8988c05-e2a7-4988-8f35-81ae58b8a741', 2, 10.49, '2025-11-08 07:45:43.086611+00', 'pending'),
	('d8ffbfb2-d43b-4ac7-9030-0d89a3ea0aa4', 10000086, 'ba5d3625-cc0e-4424-8617-b3dff36f92dd', 2, 15.99, '2025-11-08 07:45:43.086611+00', 'pending'),
	('0f3dc31b-ba3b-4629-bb34-2fadda782410', 10000086, '350fb64f-10d0-44b5-ad1e-e58733cc6d62', 1, 4.49, '2025-11-08 07:45:43.086611+00', 'pending'),
	('0189db73-57d2-4fb1-babc-267711c2221d', 10000086, '228f4d89-2a7d-4e1d-bd9d-aadd14928b14', 2, 11.99, '2025-11-08 07:45:43.086611+00', 'pending'),
	('e39056da-bc30-4547-b33f-83f95f14ec2b', 10000087, 'f8988c05-e2a7-4988-8f35-81ae58b8a741', 2, 10.49, '2025-11-08 07:45:43.086611+00', 'pending'),
	('88fa87e2-7371-4a92-bbe1-baaed22b1149', 10000087, 'ba5d3625-cc0e-4424-8617-b3dff36f92dd', 2, 15.99, '2025-11-08 07:45:43.086611+00', 'pending'),
	('e1eb7a6e-34b2-48b2-9acd-a2895de30921', 10000087, '350fb64f-10d0-44b5-ad1e-e58733cc6d62', 3, 4.49, '2025-11-08 07:45:43.086611+00', 'pending'),
	('fd6ec6e3-a66a-4780-9bbc-b2ac5fb40656', 10000087, '228f4d89-2a7d-4e1d-bd9d-aadd14928b14', 1, 11.99, '2025-11-08 07:45:43.086611+00', 'pending'),
	('17fcbe6d-22f1-46d2-a5f7-44791534c473', 10000088, 'f8988c05-e2a7-4988-8f35-81ae58b8a741', 1, 10.49, '2025-11-08 07:45:43.086611+00', 'pending'),
	('e60a6a54-656f-498e-98f4-afef7317cfdc', 10000088, 'ba5d3625-cc0e-4424-8617-b3dff36f92dd', 2, 15.99, '2025-11-08 07:45:43.086611+00', 'pending'),
	('58fb60b9-9d40-4e4d-ac2d-a27f8b433821', 10000088, '350fb64f-10d0-44b5-ad1e-e58733cc6d62', 3, 4.49, '2025-11-08 07:45:43.086611+00', 'pending'),
	('ff74513f-ca54-4683-afaa-0ed12d096fbf', 10000088, '228f4d89-2a7d-4e1d-bd9d-aadd14928b14', 3, 11.99, '2025-11-08 07:45:43.086611+00', 'pending'),
	('ebdf62d8-d7d0-4d40-bb5e-9291f6b3666a', 10000089, 'f8988c05-e2a7-4988-8f35-81ae58b8a741', 1, 10.49, '2025-11-08 07:45:43.086611+00', 'pending'),
	('c79f2495-e56f-4f57-8b46-f2e4131b2914', 10000089, 'ba5d3625-cc0e-4424-8617-b3dff36f92dd', 2, 15.99, '2025-11-08 07:45:43.086611+00', 'pending'),
	('e7fc0d55-cc98-4cfb-a722-e7d387a5dbf0', 10000089, '350fb64f-10d0-44b5-ad1e-e58733cc6d62', 2, 4.49, '2025-11-08 07:45:43.086611+00', 'pending'),
	('6301a3d7-007f-4854-96f3-948791be6984', 10000089, '228f4d89-2a7d-4e1d-bd9d-aadd14928b14', 1, 11.99, '2025-11-08 07:45:43.086611+00', 'pending'),
	('945900a3-6c85-47c4-8b1f-6fa96f0ee145', 10000090, 'f8988c05-e2a7-4988-8f35-81ae58b8a741', 1, 10.49, '2025-11-08 07:45:43.086611+00', 'pending'),
	('0db95da0-fcd9-4c84-985a-648e3630b86c', 10000090, 'ba5d3625-cc0e-4424-8617-b3dff36f92dd', 3, 15.99, '2025-11-08 07:45:43.086611+00', 'pending'),
	('525283e2-f6f1-48a2-9a1b-84af884a912f', 10000090, '350fb64f-10d0-44b5-ad1e-e58733cc6d62', 2, 4.49, '2025-11-08 07:45:43.086611+00', 'pending'),
	('bf4adb24-ad43-4d96-9a42-c1cef650c1a0', 10000090, '228f4d89-2a7d-4e1d-bd9d-aadd14928b14', 2, 11.99, '2025-11-08 07:45:43.086611+00', 'pending'),
	('6c7d9dc8-a3a1-4795-b75c-fa446138aa3a', 10000091, 'f8988c05-e2a7-4988-8f35-81ae58b8a741', 3, 10.49, '2025-11-08 07:45:43.086611+00', 'pending'),
	('017ad6b3-5228-450a-bc14-5016f8de7d06', 10000091, 'ba5d3625-cc0e-4424-8617-b3dff36f92dd', 2, 15.99, '2025-11-08 07:45:43.086611+00', 'pending'),
	('00a907e9-75c1-49f2-9840-3559a3737391', 10000091, '350fb64f-10d0-44b5-ad1e-e58733cc6d62', 3, 4.49, '2025-11-08 07:45:43.086611+00', 'pending'),
	('79c96df0-b778-4e6b-84da-6ddb1a33bdbb', 10000091, '228f4d89-2a7d-4e1d-bd9d-aadd14928b14', 3, 11.99, '2025-11-08 07:45:43.086611+00', 'pending'),
	('e5da1d13-5de4-43ed-b96f-2dfd2928e4b9', 10000092, 'f8988c05-e2a7-4988-8f35-81ae58b8a741', 3, 10.49, '2025-11-08 07:45:43.086611+00', 'pending'),
	('b4c491ab-8911-4565-a78d-e7cf3b58a8cc', 10000092, 'ba5d3625-cc0e-4424-8617-b3dff36f92dd', 1, 15.99, '2025-11-08 07:45:43.086611+00', 'pending'),
	('c0eb093f-9208-40bd-b080-46848f4cf84e', 10000092, '350fb64f-10d0-44b5-ad1e-e58733cc6d62', 2, 4.49, '2025-11-08 07:45:43.086611+00', 'pending'),
	('a4009f0a-ca67-4573-b508-14cc33d5f756', 10000092, '228f4d89-2a7d-4e1d-bd9d-aadd14928b14', 1, 11.99, '2025-11-08 07:45:43.086611+00', 'pending'),
	('25f52187-37ec-483e-af42-4d65f5253ea6', 10000093, 'f8988c05-e2a7-4988-8f35-81ae58b8a741', 3, 10.49, '2025-11-08 07:45:43.086611+00', 'pending'),
	('a3a2e8ad-1545-4ca0-a8d3-f472239e80f2', 10000093, 'ba5d3625-cc0e-4424-8617-b3dff36f92dd', 2, 15.99, '2025-11-08 07:45:43.086611+00', 'pending'),
	('f11adeb1-e8c5-46ba-af61-9bde73adcd63', 10000093, '350fb64f-10d0-44b5-ad1e-e58733cc6d62', 3, 4.49, '2025-11-08 07:45:43.086611+00', 'pending'),
	('e4bddaf3-36f5-4fc6-a341-59791b6c32fa', 10000093, '228f4d89-2a7d-4e1d-bd9d-aadd14928b14', 2, 11.99, '2025-11-08 07:45:43.086611+00', 'pending'),
	('654c13c8-1ecd-4268-9df4-64a2efcc887a', 10000094, 'f8988c05-e2a7-4988-8f35-81ae58b8a741', 1, 10.49, '2025-11-08 07:45:43.086611+00', 'pending'),
	('f38119ea-c87a-464c-82da-4c4559a54824', 10000094, 'ba5d3625-cc0e-4424-8617-b3dff36f92dd', 2, 15.99, '2025-11-08 07:45:43.086611+00', 'pending'),
	('302802d1-461f-4f91-bd39-ddbdc1dd4bf7', 10000094, '350fb64f-10d0-44b5-ad1e-e58733cc6d62', 3, 4.49, '2025-11-08 07:45:43.086611+00', 'pending'),
	('517fc908-d0bc-4d2b-a083-0f2059dfc62a', 10000094, '228f4d89-2a7d-4e1d-bd9d-aadd14928b14', 1, 11.99, '2025-11-08 07:45:43.086611+00', 'pending'),
	('91c1c83b-b59c-48c4-ad32-547fdbe43297', 10000095, 'f8988c05-e2a7-4988-8f35-81ae58b8a741', 3, 10.49, '2025-11-08 07:45:43.086611+00', 'pending'),
	('cb62f890-7d90-4693-8043-e9450970ccd3', 10000095, 'ba5d3625-cc0e-4424-8617-b3dff36f92dd', 1, 15.99, '2025-11-08 07:45:43.086611+00', 'pending'),
	('cb2fa124-180e-4b39-9aa6-7310b2e80274', 10000095, '350fb64f-10d0-44b5-ad1e-e58733cc6d62', 3, 4.49, '2025-11-08 07:45:43.086611+00', 'pending'),
	('ecf31921-e55c-4d07-805c-8c524316f52b', 10000095, '228f4d89-2a7d-4e1d-bd9d-aadd14928b14', 2, 11.99, '2025-11-08 07:45:43.086611+00', 'pending'),
	('5a0a691e-0f63-4c5a-ba7e-8a3cac29e83a', 10000096, 'f8988c05-e2a7-4988-8f35-81ae58b8a741', 2, 10.49, '2025-11-08 07:45:43.086611+00', 'pending'),
	('d42ff55f-3c09-4216-96f3-3d781095f005', 10000096, 'ba5d3625-cc0e-4424-8617-b3dff36f92dd', 2, 15.99, '2025-11-08 07:45:43.086611+00', 'pending'),
	('9955c330-e171-4b18-a4c8-261c4a874e79', 10000096, '350fb64f-10d0-44b5-ad1e-e58733cc6d62', 2, 4.49, '2025-11-08 07:45:43.086611+00', 'pending'),
	('e50c2cfd-c51a-4385-93c1-f6043f577c39', 10000096, '228f4d89-2a7d-4e1d-bd9d-aadd14928b14', 1, 11.99, '2025-11-08 07:45:43.086611+00', 'pending'),
	('0304448e-7a89-4f0f-a0f4-7b74a849869e', 10000098, 'f8988c05-e2a7-4988-8f35-81ae58b8a741', 1, 10.49, '2025-11-08 07:45:43.086611+00', 'pending'),
	('3bc47568-88c7-4847-a677-439f1aa3c2f3', 10000098, 'ba5d3625-cc0e-4424-8617-b3dff36f92dd', 1, 15.99, '2025-11-08 07:45:43.086611+00', 'pending'),
	('4433b85f-1a3f-4f82-ac5b-fad186a4c232', 10000098, '350fb64f-10d0-44b5-ad1e-e58733cc6d62', 3, 4.49, '2025-11-08 07:45:43.086611+00', 'pending'),
	('5ea07d58-86d3-41c1-93dc-3dbbe93434cf', 10000098, '228f4d89-2a7d-4e1d-bd9d-aadd14928b14', 3, 11.99, '2025-11-08 07:45:43.086611+00', 'pending'),
	('ec77401e-5c18-4939-9116-bda8942a25a0', 10000099, '350fb64f-10d0-44b5-ad1e-e58733cc6d62', 1, 4.49, '2025-11-08 07:45:43.086611+00', 'pending'),
	('adb94923-fce6-4ed0-91f8-95ae868be3ee', 10000072, 'ba5d3625-cc0e-4424-8617-b3dff36f92dd', 3, 15.99, '2025-11-08 07:45:43.086611+00', 'cancelled'),
	('42505ff1-fd22-411c-bd05-4f9dc651474c', 10000097, 'ba5d3625-cc0e-4424-8617-b3dff36f92dd', 3, 15.99, '2025-11-08 07:45:43.086611+00', 'pending'),
	('c82dbf94-d385-473a-804b-19401080a004', 10000097, '350fb64f-10d0-44b5-ad1e-e58733cc6d62', 2, 4.49, '2025-11-08 07:45:43.086611+00', 'pending'),
	('0da96858-fcf4-4f3d-89ba-292883bd08c0', 10000097, '228f4d89-2a7d-4e1d-bd9d-aadd14928b14', 1, 11.99, '2025-11-08 07:45:43.086611+00', 'pending'),
	('5077683a-5c45-4cb5-a81c-7f3cf4551fd8', 10000099, '228f4d89-2a7d-4e1d-bd9d-aadd14928b14', 1, 11.99, '2025-11-08 07:45:43.086611+00', 'pending'),
	('a69a1c5d-0818-4957-bb6c-bbdcb1800048', 10000099, 'ba5d3625-cc0e-4424-8617-b3dff36f92dd', 1, 15.99, '2025-11-08 07:45:43.086611+00', 'pending'),
	('b97d58ec-f42d-4daa-88df-a7921b6e9fd8', 10000097, 'f8988c05-e2a7-4988-8f35-81ae58b8a741', 1, 10.49, '2025-11-08 07:45:43.086611+00', 'pending'),
	('99298ae8-ff49-4391-8bae-0aa4e1a09b9d', 10000099, 'f8988c05-e2a7-4988-8f35-81ae58b8a741', 5, 10.49, '2025-11-08 07:45:43.086611+00', 'pending'),
	('39e52f8c-8e80-4ce9-a702-300dc25a9785', 10000080, 'ba5d3625-cc0e-4424-8617-b3dff36f92dd', 1, 15.99, '2025-11-08 07:45:43.086611+00', 'pending'),
	('7e8a49b3-b3be-4306-b9a2-42415c157410', 10000080, '350fb64f-10d0-44b5-ad1e-e58733cc6d62', 1, 4.49, '2025-11-08 07:45:43.086611+00', 'pending'),
	('860e1a02-35b8-4c81-9b98-6ff13c9c59a8', 10000080, 'f8988c05-e2a7-4988-8f35-81ae58b8a741', 1, 10.49, '2025-11-08 07:45:43.086611+00', 'pending'),
	('3439620f-703e-4a95-8586-641fb3eb7a33', 10000053, 'f8988c05-e2a7-4988-8f35-81ae58b8a741', 4, 10.49, '2025-11-08 07:45:43.086611+00', 'pending'),
	('278415e6-b2dc-4e4e-baee-9ba205bc7fac', 10000080, '228f4d89-2a7d-4e1d-bd9d-aadd14928b14', 1, 11.99, '2025-11-08 07:45:43.086611+00', 'pending'),
	('0a112417-08dd-4d16-9bca-411fde751e7e', 10000657, '65977cd6-470d-47cc-9710-35cd6dfb95a4', 1, 10.99, '2025-11-26 15:30:11.424464+00', 'pending'),
	('50dac63a-1828-4a89-95a0-70f3327403b0', 10000660, '65977cd6-470d-47cc-9710-35cd6dfb95a4', 2, 10.99, '2025-11-26 15:35:09.026743+00', 'pending'),
	('2e630e70-c14a-4812-91c3-89d1cebc4f74', 10000031, '350fb64f-10d0-44b5-ad1e-e58733cc6d62', 2, 4.49, '2025-11-08 07:45:43.086611+00', 'pending'),
	('adef0847-f3fc-4fd9-a516-5408d1158c94', 10000031, '228f4d89-2a7d-4e1d-bd9d-aadd14928b14', 1, 11.99, '2025-11-08 07:45:43.086611+00', 'pending'),
	('f65835ea-f24e-4b02-a7b4-ba93f89e95a3', 10000031, 'ba5d3625-cc0e-4424-8617-b3dff36f92dd', 1, 15.99, '2025-11-08 07:45:43.086611+00', 'pending'),
	('b13a4e86-b056-42ba-b597-9257b1fa92c6', 10000031, 'f8988c05-e2a7-4988-8f35-81ae58b8a741', 1, 10.49, '2025-11-08 07:45:43.086611+00', 'pending'),
	('9de58ecd-9307-4ae5-84a3-bd4da9fba626', 10000669, '65977cd6-470d-47cc-9710-35cd6dfb95a4', 4, 10.99, '2025-11-26 15:45:13.379238+00', 'pending'),
	('5fd5a9b1-cfce-47f8-bfd2-189dce553de6', 10000679, '65977cd6-470d-47cc-9710-35cd6dfb95a4', 1, 10.99, '2025-11-26 16:16:36.864243+00', 'pending'),
	('11f6b227-8f39-43c2-a8a0-7b52cfea92c9', 10000681, 'e01bc524-5ff4-4810-b746-b78372ee90c6', 1, 6.99, '2025-11-26 16:27:22.47314+00', 'pending'),
	('4c1a85ac-8f51-4457-b423-b0e56000c1a1', 10000692, 'a69c439d-bd36-490d-b9d5-6eca7f3f1cb0', 1, 10.99, '2025-11-26 16:28:04.453005+00', 'pending'),
	('f496c6a4-5dca-42b0-8513-e6863a73c80f', 10000696, '5c807de7-b4ff-45e3-a293-43e72b0e5bb5', 1, 10.99, '2025-11-26 17:10:45.088874+00', 'pending'),
	('766a84d9-c292-4d89-b6ac-ec899ab209c0', 10000707, 'a69c439d-bd36-490d-b9d5-6eca7f3f1cb0', 1, 10.99, '2025-11-26 18:29:30.009985+00', 'pending'),
	('3dafca44-f810-4605-abdc-5dc7fad9ef1f', 10000663, '5c807de7-b4ff-45e3-a293-43e72b0e5bb5', 1, 10.99, '2025-11-26 15:37:09.649438+00', 'cancelled'),
	('7966c615-8c30-4793-94af-2f34a1ea0a89', 10000000, 'f8988c05-e2a7-4988-8f35-81ae58b8a741', 2, 10.49, '2025-11-08 07:45:43.086611+00', 'pending'),
	('8297467a-f18f-438a-86cc-386d6bd4eda7', 10000000, '350fb64f-10d0-44b5-ad1e-e58733cc6d62', 1, 4.49, '2025-11-08 07:45:43.086611+00', 'pending'),
	('f28fea57-ed1c-4c74-8ffc-8fbd2f031ea8', 10000000, '228f4d89-2a7d-4e1d-bd9d-aadd14928b14', 3, 11.99, '2025-11-08 07:45:43.086611+00', 'pending'),
	('fb2bcf42-c7e1-4fb9-b906-41b7f5957396', 10000000, 'ba5d3625-cc0e-4424-8617-b3dff36f92dd', 2, 15.99, '2025-11-08 07:45:43.086611+00', 'pending'),
	('a4716091-1ba0-4712-ac2d-40aa53621dc3', 10000718, '202fbd73-bed7-4a6b-a954-7fb8fc8b5393', 1, 14.99, '2025-11-26 21:35:06.745853+00', 'pending'),
	('a92b59c4-afd0-4f6e-a51c-22c8c84668d1', 10000721, 'a69c439d-bd36-490d-b9d5-6eca7f3f1cb0', 1, 10.99, '2025-12-04 15:19:06.734213+00', 'pending'),
	('c5cfcc5f-b3ac-4d0e-8d39-838d4b5c3129', 10000729, 'e757e570-9537-47d3-bf94-9c1f7d1eddaf', 3, 13.99, '2025-12-05 00:24:18.579849+00', 'cancelled'),
	('79687491-f04f-4c75-bc94-416695610cbf', 10000749, '5c807de7-b4ff-45e3-a293-43e72b0e5bb5', 1, 10.99, '2025-12-13 15:51:41.920658+00', 'pending'),
	('37938b8d-d2a5-431d-bb56-8766bed743a4', 10000740, 'e757e570-9537-47d3-bf94-9c1f7d1eddaf', 1, 13.99, '2025-12-09 22:06:29.30836+00', 'pending');


--
-- Data for Name: store_settings; Type: TABLE DATA; Schema: public; Owner: postgres
--

INSERT INTO "public"."store_settings" ("id", "zelle_id", "paypal_id", "created_at") VALUES
	(1, '1234567890', 'ctrlfreak@kean.edu', '2025-12-13 17:17:15.592418+00');


--
-- Name: order_id_seq; Type: SEQUENCE SET; Schema: public; Owner: postgres
--

SELECT pg_catalog.setval('"public"."order_id_seq"', 10000752, true);


--
-- Name: store_settings_id_seq; Type: SEQUENCE SET; Schema: public; Owner: postgres
--

SELECT pg_catalog.setval('"public"."store_settings_id_seq"', 1, false);


--
-- PostgreSQL database dump complete
--

-- \unrestrict f7E3wfNz4lMmzWidtO2s2QWI03fFlalUngVXiBuHjrdqPSHe6m7ms1I0c5dZVky

RESET ALL;
